genes,64,67,73,60,68,76,62,54,55,61,75,63,59,53,72,58,74,56,70,71,65,77,66,78,69,57
URS00004F0321_9796,468530.9922,94279.15129,165571.1191,247492.0562,405102.4755,153512.0115,115477.2198,119821.8684,341375.631,329359.429,84881.7725,100414.8603,249156.2431,146991.9845,320922.2274,262967.7066,96342.61899,210978.8185,129499.4499,138127.0616,274902.7405,230015.0008,195106.8956,353500.2442,78114.76712,100916.9741
URS000013B42D_9796,221587.3175,80903.34737,263244.8627,239769.4214,90194.40775,322740.729,93920.73576,164010.6866,195984.4781,193924.9325,125831.4925,156946.3866,125268.8874,64709.68589,59039.83631,298635.9235,45123.90802,98595.24717,244532.7958,33326.45282,124142.7381,176215.6662,209476.9051,215131.0189,231107.5586,51767.09588
URS0000622E9F_9796,72555.98533,245466.2684,43161.48049,209207.917,54601.51468,83533.07372,66639.17355,31330.44106,41024.07097,73238.94686,68020.1231,160663.7764,31580.01321,147294.1688,133358.7751,53698.98693,159163.8218,133568.7465,183707.5977,29314.6095,37929.5382,291784.1788,73974.02115,187117.751,35573.24642,26965.70284
URS00006174C2_9796,93634.50281,2431.96435,1088.43121,50748.74257,34949.26028,25813.77574,59533.44952,64633.25855,31328.99746,33669.77125,18295.46313,29331.11269,630.6992653,2380.734484,45104.39908,10743.93763,670.9874799,55446.28102,596.1306578,324642.5842,11474.93065,10896.36061,37534.59754,3524.77624,135262.8628,23386.65908
URS000070429B_9796,8976.293837,0,0,0,0,0,0,0,0,0,0,0,0,0,0,0,0,0,0,0,0,0,0,0,0,0
URS000068CB1C_9796,28056.89288,288268.8409,136442.6267,48813.24514,154793.685,38865.3426,154761.1967,110301.3591,241069.7154,14874.41283,245717.4374,205771.129,272101.683,291857.6571,41460.21608,31320.95884,146666.68,20669.44244,37476.74736,60001.69171,245438.9817,70421.48981,25819.55516,27458.44206,71517.58436,185328.8081
URS0000EE9ED4_9796,16382.45321,0,0,0,0,0,0,0,0,0,0,0,0,0,0,0,0,0,0,0,0,0,0,0,0,0
URS00006EF114_9796,5401.071372,0,8.638342939,0,0,9.137619733,12.27240765,0,0,0,0,0,0,67.35617109,0,0,18.63854111,0,715.3567894,7577.926265,0,0,0,0,0,0
URS00004D9EF5_9796,22655.82151,0,38.87254322,0,64.3632786,0,11984.00607,113.7909481,2600.26485,0,4416.146272,45.3340227,45.04994752,0,0,0,0,3612.135571,119.2261316,15255.56209,0,520.5267808,0,0,0,1321.740456
URS0000565752_9796,24209.22699,51152.31682,35607.24959,35013.14848,15940.63867,118271.2581,196880.0998,283111.879,25918.76898,172377.7178,306836.1371,102772.2295,66358.5727,125659.0605,299698.4242,125718.5612,330433.376,84403.56785,171784.9846,10751.03626,21203.84195,21283.7617,112869.2893,12750.11652,176206.6283,539103.4144
URS000067BECD_9796,19501.21345,0,77.74508645,0,0,0,110.4516689,0,5619.927255,26763.1515,0,6709.435359,22074.47428,0,16795.8155,0,11910.02777,0,0,52.78741206,38854.64889,0,6571.043601,1697.114486,3958.309656,623.8872224
URS0000415026_9796,4875.303362,0,0,0,0,0,0,0,0,0,0,0,0,150.6328917,0,0,0,0,0,0,0,485.8249954,1244.515834,0,420.570401,165.1141883
URS00006DB166_9796,3728.173159,97.27857399,15.54901729,0,0,0,0,0,0,0,0,0,0,0,0,2409.623006,0,0,0,0,597.7638291,680.1549936,0,3072.212377,0,0
URS0000EE97D7_9796,1362.217116,364.7946525,29582.00539,0,3926.159995,548.257184,27.61291722,16556.58296,25010.07428,89.92994457,2752.922351,6414.764212,90.09989504,741.2240464,2916.364328,3167.287972,20800.61188,11418.36189,3994.075408,26.39370603,1779.059015,2111.025278,11831.19719,1011.741328,3813.996283,3219.665417
URS00006654BB_9796,1003.738928,1459.17861,2410.09768,232.2596914,1029.812458,2010.276341,552.2583443,0,922.674624,647.4956009,1261.756078,1360.020681,2252.497376,4023.0004,488.6055418,1117.866343,838.7343499,120.404519,596.1306578,422.2992965,1280.922491,1526.878557,796.4901335,522.1890725,1484.366121,389.1255356
URS0000287398_9796,1147.130203,1459.17861,38.87254322,696.7790742,1029.812458,0,497.0325099,1251.70043,356.4879229,323.7478005,114.705098,211.5587726,630.6992653,648.0888316,8672.748368,186.3110572,167.74687,0,536.5175921,369.5118844,426.9741636,589.9303516,696.9288668,0,1051.426002,1019.605381
URS000065F67A_9796,955.9418357,162.1309566,725.6208069,387.0994857,300.3619668,365.5047893,64.43014017,758.606321,1230.232832,359.7197783,229.4101959,136.0020681,120.1331934,4425.30044,305.3784636,414.0245716,223.6624933,0,198.7102193,246.3412563,213.4870818,23.13452359,315.2773445,652.7363407,453.5563148,1706.578107
URS00002064F6_9796,238.9854589,364.7946525,29698.62302,212.9047171,14771.37244,60833.70337,64.43014017,18775.50644,1418.961732,26.97898337,105.1463398,2198.700101,277.8080097,142171.2727,0,46588.11491,13210.06601,60.20225952,15251.00933,0,26792.62877,832.8428493,16079.14457,1827.661754,927.7288257,367.4181194
URS00001AD596_9796,215.086913,121.5982175,77.74508645,5719.394901,4473.247863,6807.526701,3893.421328,14110.07757,6640.461309,9064.938413,4416.146272,0,45.04994752,1039.73435,2763.675096,0,12119.71136,3220.820885,99.35510964,17754.16626,6635.890127,4788.846383,15631.11887,554.8258896,21997.48127,469.2553808
URS0000678E90_9796,1003.738928,0,310.9803458,116.1298457,0,456.8809866,110.4516689,531.0244247,209.6987782,0,114.705098,211.5587726,540.5993702,310.4507158,61.07569273,0,223.6624933,40.13483968,13154.61652,0,35.5811803,347.0178539,199.1225334,652.7363407,4246.936402,302.2958706
URS00006F0BEE_9796,430.1738261,1215.982175,1010.686124,9638.777193,450.5429502,502.5690853,55.22583443,568.9547407,1354.654107,593.5376342,7398.478819,226.6701135,225.2497376,355.4568847,1740.657243,310.5184287,838.7343499,722.4271143,119.2261316,15519.49915,426.9741636,138.8071416,298.6838001,1044.378145,371.0915303,1862.549912
URS000038D768_9796,57.35651014,0,5585.552544,0,0,0,0,0,1249.804718,11.99065928,0,1323.753463,0,1025.038458,24.43027709,1316.598138,0,1097.018951,0,0,0,3706.150679,0,0,670.7135807,42.16419945
URS000070CA0B_9796,286.7825507,0,0,0,0,0,0,0,0,0,0,0,9.009989504,0,0,0,0,0,119.2261316,0,0,0,9358.759068,0,0,0
URS00001C9DE3_9796,35.84781884,0,0,29.03246143,0,0,0,0,0,0,0,0,0,225.9493376,0,0,0,0,0,3151.4085,21.34870818,0,0,65.27363407,0,0.803978379
URS00003C9A26_9796,286.7825507,972.7857399,855.1959509,232.2596914,386.1796716,12655.60333,20985.81709,227.5818963,5116.650188,9010.980446,344.1152939,16229.58013,360.3995802,2738.946848,244.3027709,248.4147429,6374.381059,9150.743448,715.3567894,10768.63206,3949.511014,9230.674913,199.1225334,1305.472681,15833.23863,3064.765582
URS00004D9E92_9796,466.0216449,0,20466.39401,56322.97517,2027.443276,91.37619733,101118.5029,7851.575422,5116.650188,323.7478005,3899.973331,52247.46116,53339.13786,13801.27946,27361.91034,36982.74485,19248.95333,24080.90381,33979.4475,20481.51588,4696.7158,24638.26763,27329.5677,12173.53275,17657.77198,4879.398383
URS0000610FFE_9796,71.69563768,0,0,0,0,0,0,0,0,0,0,0,0,330.6575672,0,1738.903201,0,5538.607876,0,0,1031.854229,1249.264274,0,0,0,13.93562524
URS00006CDB6D_9796,143.3912754,486.3928699,155.4901729,0,386.1796716,0,22532.14045,227.5818963,83.87951128,0,45652.62899,90.6680454,12583.95201,71.64247288,0,248.4147429,11294.95591,44148.32365,238.4522631,4011.843317,6404.612455,92.53809437,3716.953956,130.5472681,3339.823773,466.30746
URS0000665188_9796,14.33912754,0,0,0,0,0,0,0,0,0,0,0,0,0,0,0,0,0,0,0,0,0,0,0,0,0
URS0000A4BEE5_9796,430.1738261,0,38.87254322,0,64.3632786,0,14193.03945,113.7909481,62.90963346,0,0,45.3340227,45.04994752,374.7452428,0,62.10368573,0,180.6067786,4172.914605,1161.323065,2668.588523,0,3882.889401,130.5472681,0,1456.808823
URS0000699320_9796,44.610619,0,0,12.90331619,0,0,0,0,0,0,0,0,1711.898006,8.817535124,0,0,0,0,2914.416549,0,0,13.88071416,39.82450667,536.6943246,0,0.643182703
URS00006FDA65_9796,71.69563768,1215.982175,4574.002586,58.06492285,64.3632786,0,8062.971828,0,2138.927538,4586.427173,57.35254899,166.2247499,6374.567574,1515.513849,0,4036.739573,223.6624933,0,59.61306578,5463.497148,3415.793309,3157.86247,21206.5498,3981.691678,17781.46916,1873.269624
URS00006836A5_9796,17.92390942,0,0,0,0,0,0,0,0,0,0,0,0,0,0,0,0,15.05056488,0,0,0,0,0,0,0,0
URS00006AF48C_9796,143.3912754,0,0,0,0,0,0,0,83.87951128,0,0,0,0,11.02191891,0,0,0,0,0,0,0,69.40357078,0,0,0,16.07956759
URS000061D582_9796,71.69563768,185072.487,155.4901729,0,32.1816393,2215.872785,12867.61942,113.7909481,11931.86048,4208.721406,15456.51195,136.0020681,5338.418781,1588.534062,4565.408032,27698.24384,41.93671749,1145.849673,59.61306578,1240.504183,4776.773456,29409.76312,99.56126668,15437.21446,30027.48966,3023.762685
URS000013899F_9796,286.7825507,0,155.4901729,10567.81596,128.7265572,12655.60333,441.8066755,1365.491378,5158.589943,215.831867,57.35254899,272.0041362,6847.592023,721.9356883,0,0,0,5538.607876,6318.984973,30405.54935,106.7435409,69.40357078,199.1225334,7571.741552,1669.911886,1011.940787
URS000022DD4A_9796,143.3912754,486.3928699,11661.76297,0,6779.59868,0,27207.92776,0,18663.19126,8525.358746,0,10517.49327,11172.38699,12719.29442,4906.413983,10185.00446,8890.584109,0,4769.045263,14710.09216,3202.306227,12978.46773,42545.84796,12924.17955,15709.54145,2039.961141
URS000044BAE3_9796,286.7825507,1459.17861,155.4901729,17187.21716,257.4531144,91.37619733,2429.936715,0,0,215.831867,0,9157.472585,360.3995802,9164.72557,4580.676955,21612.08264,167.74687,23840.09477,119.2261316,29877.67523,2668.588523,15685.207,4380.695734,130.5472681,3710.915303,1636.89998
URS000021550A_9796,35.84781884,0,0,0,0,0,0,0,0,35.97197783,0,0,0,0,0,0,0,40.13483968,0,0,0,0,0,0,0,0
URS00006B4F76_9796,71.69563768,0,77.74508645,10916.2055,0,3358.075252,0,56.89547407,0,0,0,0,5631.24344,840.4213165,45.80676955,0,14132.6738,1113.741801,15111.91218,0,16945.53712,0,10404.15237,9334.129672,865.8802373,162.3500341
URS00006DA0F2_9796,143.3912754,486.3928699,0,348.3895371,0,91.37619733,331.3550066,227.5818963,83.87951128,323.7478005,0,272.0041362,0,121.241108,213.7649246,3105.184287,335.4937399,120.404519,119.2261316,0,960.6918682,138.8071416,199.1225334,0,0,394.4853915
URS00006EB5EB_9796,71.69563768,243.196435,0,0,0,0,0,227.5818963,20.96987782,0,114.705098,136.0020681,45.04994752,0,1374.203086,0,0,60.20225952,59.61306578,0,0,0,0,0,61.84858838,60.56637125
URS000030BAD5_9796,143.3912754,0,77.74508645,0,49559.72453,0,23305.30213,0,8471.830639,0,14567.54744,13146.86658,0,11.02191891,0,0,167.74687,19144.31853,8822.733736,105.5748241,4162.998096,3192.564256,12146.47454,130.5472681,14967.35839,849.0011686
URS000034AAC2_9796,143.3912754,0,0,116.1298457,0,0,0,0,0,0,0,0,0,319.6356483,61.07569273,8694.516003,6626.001364,0,0,6651.21392,426.9741636,2463.826763,0,3198.408069,4453.098363,866.688693
URS00007273C4_9796,15.93236393,0,3438.06049,0,0,0,0,0,0,0,0,0,0,54.61973146,0,262.215562,0,1324.44971,0,0,0,0,0,0,13.74413075,0
URS000072A930_9796,47.79709179,0,0,0,6221.783598,30.45873244,0,0,13.97991855,4694.343107,0,0,3754.162293,1.836986484,20.35856424,0,3354.937399,4073.686228,0,17525.4208,1103.016589,0,0,1305.472681,2350.246358,252.4032695
URS000068084B_9796,15.93236393,0,0,0,0,0,0,0,0,0,0,0,788.3740816,0,0,0,0,0,0,0,0,0,0,0,0,0.200994595
URS0000209048_9796,0,10430.42488,25.91502882,0,1172.841966,0,0,0,0,0,0,0,0,0,0,1048.862248,0,0,0,0,415.1137702,0,0,1058.883397,219.906092,57.88644331
URS0000023412_9796,0,27238.00072,0,0,0,0,0,0,0,12410.33235,0,0,0,0,0,0,0,0,0,0,0,0,0,0,2721.337889,83.61375145
URS00006D34F9_9796,0,340.475009,0,29.03246143,0,5994.278545,0,0,0,0,0,0,0,469.8092933,0,0,0,0,0,21.11496482,0,17.35089269,3982.450667,750.6467918,0,283.0003895
URS0000EE99FE_9796,0,486.3928699,12018.09461,348.3895371,5256.334419,14528.81538,82.83875165,170.6864222,2051.553047,14397.78413,114.705098,46580.70832,53158.93807,1397.946714,1190.976008,217.3629001,2502.224144,30.10112976,22205.867,1504.441244,40695.97497,47819.06026,99.56126668,15306.66719,195.8538632,27542.15533
URS000037D0FB_9796,0,69.48469571,11.10644092,16.58997796,0,0,0,32.51169947,0,0,0,0,0,0.787279922,0,0,0,0,1941.682714,0,0,0,0,2697.976875,0,8.728908119
URS000029CCC5_9796,0,243.196435,0,0,0,0,0,0,0,0,0,0,0,203.9054997,0,0,83.87343499,0,0,0,0,0,0,0,4205.70401,0
URS000059D2BF_9796,0,162.1309566,0,0,0,0,0,0,0,0,0,0,0,0,0,0,0,0,0,2674.562211,3415.793309,0,0,0,3937.69346,3.215913517
URS00004043F3_9796,0,486.3928699,0,0,0,0,0,0,0,0,0,0,0,0,0,0,0,0,0,0,0,0,0,0,0,35.37504869
URS00002504CA_9796,0,972.7857399,77.74508645,0,0,11422.02467,0,29585.64652,20.96987782,17752.17106,13535.20156,3989.393997,14956.58258,1843.415937,0,5403.020659,9897.065328,60.20225952,5722.854315,105.5748241,853.9483273,3331.371397,0,391.6418044,10390.56285,1315.308629
URS00005B30A9_9796,0,54.04365222,0,0,0,0,0,0,0,0,0,0,1291.431829,2.755479726,0,0,37.27708222,0,0,1431.125394,0,0,0,203.0735282,13.74413075,116.1302104
URS000068B98D_9796,0,60.79910874,0,0,0,0,0,0,0,0,0,0,0,0,0,0,0,0,0,0,0,0,1169.844884,0,0,0
URS0000222FD2_9796,0,162.1309566,0,0,0,0,0,0,0,0,0,0,0,0,0,0,55.91562332,0,0,5208.35799,0,0,0,0,0,34.30307752
URS0000502C74_9796,0,486.3928699,9329.410374,0,0,29880.01653,0,27537.40945,0,8525.358746,4817.614115,9429.476721,0,749.4904856,0,0,0,0,0,0,4910.202882,0,25089.4392,3394.228972,5071.584247,527.4098169
URS000070994A_9796,0,54.04365222,0,0,0,0,0,0,41.93975564,1259.019224,0,0,0,9.184932421,0,1173.069619,1043.758302,0,0,11.73053601,0,0,0,29.01050403,316.1150073,0.357323724
URS000042F13F_9796,0,97.27857399,0,0,0,0,0,0,0,0,22.94101959,0,0,134.4674106,0,0,0,0,0,0,958.3197895,0,0,0,0,0.643182703
URS000068B674_9796,0,486.3928699,0,0,0,0,0,227.5818963,0,0,0,0,0,0,0,0,0,0,0,0,0,0,0,0,0,0
URS00006BB39F_9796,0,0,69815.08763,116.1298457,0,0,0,0,0,0,0,0,0,281.0589321,0,0,0,0,0,0,0,0,0,3133.134435,4453.098363,228.3298597
URS000061F57C_9796,0,0,2522.396138,0,0,0,0,0,0,0,0,0,0,0,990.7834598,0,0,0,0,762.4848409,17.79059015,0,0,0,1017.065676,44.12947993
URS0000282AB2_9796,0,0,5948.362948,0,0,0,0,0,0,107.9159335,0,18.13360908,18.01997901,2376.325716,0,0,1174.22809,0,1761.897278,0,576.4151209,1263.144988,0,551.1995766,4244.187576,560.8553174
URS00006A1B8A_9796,0,0,41049.40564,116.1298457,51490.62288,11878.90565,8615.230172,37551.01289,0,9388.686213,0,0,0,1245.476836,0,2856.769544,11071.29342,12160.85642,0,12880.12854,1494.409573,0,17921.028,0,3092.429419,295.8640436
URS0000712F23_9796,0,0,10340.0965,0,0,0,0,0,0,0,0,0,0,0,0,0,0,0,0,0,0,0,0,596.7875115,1731.760475,0
URS0000EEA664_9796,0,0,2263.24585,0,0,0,0,0,0,0,0,0,0,0,0,0,0,0,0,0,0,0,0,0,0,0
URS00006D4008_9796,0,0,2854.355317,16.58997796,0,0,3281.992446,0,0,0,0,12.95257791,0,0.918493242,0,0,0,0,0,0,0,0,0,926.2639501,0,0
URS0000649105_9796,0,0,9523.77309,0,4859.427535,28212.40092,0,0,1730.01492,4964.13294,0,4918.741463,2034.755963,1001.616881,0,0,83.87343499,4966.686411,0,61.58531407,1040.749524,0,1393.857734,18798.80661,5442.675777,330.3126029
URS00006D938A_9796,0,0,18892.05601,0,0,0,0,0,0,0,0,0,0,0,0,0,0,0,0,0,106.7435409,0,0,0,1793.609063,0
URS00007202E8_9796,0,0,3529.626925,0,0,7766.976773,0,0,0,0,0,0,0,0,0,0,0,0,0,0,0,1665.685699,1553.15576,0,742.1830606,0
URS00006BAD53_9796,0,0,17959.11497,0,0,0,0,0,0,0,0,0,90.09989504,96.99288637,0,0,0,0,0,3336.164442,0,0,199.1225334,4569.154385,0,0
URS0000677B31_9796,0,0,3140.901493,23.22596914,0,0,22.09033377,91.03275852,0,0,0,3354.71768,0,6.613151343,0,0,0,0,715.3567894,11.73053601,42.69741636,522.8402332,0,0,288.6267458,1.92954811
URS0000693C4D_9796,0,0,5079.345648,0,6607.96327,0,0,0,0,0,0,0,0,0,0,0,0,0,0,0,0,0,0,0,0,77.18192442
URS000068011F_9796,0,0,6647.204891,0,0,0,0,0,0,0,0,0,0,0,0,0,0,0,0,0,0,0,0,0,0,0
URS00006D5D91_9796,0,0,11972.74331,0,0,0,0,0,0,0,0,0,0,0,0,0,0,0,0,0,0,0,0,0,0,49.31067393
URS0000493225_9796,0,0,9795.880893,116.1298457,0,0,0,227.5818963,41.93975564,11007.42522,0,90.6680454,0,590.5911547,0,10930.24869,14677.85112,3010.112976,7511.246289,6545.639096,3736.023932,6801.549936,0,0,0,346.5146815
URS00007187F5_9796,0,0,60.46840057,0,0,0,0,0,0,0,0,0,10.01109945,0,0,0,0,0,0,0,0,0,0,0,384.835661,7.503798207
URS00006BB415_9796,0,0,22.21288184,0,0,0,0,0,0,0,0,0,0,0,0,0,0,0,0,1900.346834,0,0,0,0,0,0
URS0000645D9D_9796,0,0,77.74508645,77.41989713,0,0,0,0,0,0,0,0,0,0,0,0,3019.44366,0,3537.041903,0,0,0,3252.334712,0,41.23239225,0
URS000047C79B_9796,0,0,8.638342939,0,0,2328.787658,0,0,0,0,0,0,0,6.123288281,0,1018.500446,0,0,980.3037484,21.11496482,0,0,9557.881602,78.32836088,0,0.321591352
URS0000EEAA42_9796,0,0,77.74508645,0,0,0,0,0,20.96987782,0,229.4101959,0,0,0,0,0,6816.114483,0,0,25443.53261,0,0,39.82450667,0,0,992.1093201
URS00007065C6_9796,0,0,31.09803458,0,0,0,0,45.51637926,0,0,0,0,0,1.102191891,0,0,4294.319871,0,6175.913615,21.11496482,0,23.13452359,3305.434054,0,41.23239225,38.59096221
URS000038F4B2_9796,0,0,77.74508645,0,0,0,0,0,0,0,0,0,0,0,0,7452.442288,0,0,0,0,6831.586618,0,0,0,0,0
URS00001DA281_9796,0,0,38.87254322,0,0,45.68809866,0,0,0,0,0,0,45.04994752,1898.525531,0,0,0,0,0,0,53.37177046,0,0,0,0,62.71031359
URS00006EA333_9796,0,0,11.10644092,1294.018281,0,0,0,5396.942112,0,0,0,0,0,67.70607328,0,1135.610253,1270.083444,0,0,0,0,0,0,0,0,4.594162168
URS0000EE9852_9796,0,0,77.74508645,0,257.4531144,114.2202467,0,0,41.93975564,125.9019224,0,0,0,71.64247288,0,0,0,0,1251.874381,0,0,138.8071416,0,1701.466061,123.6971768,120.2751656
URS000066C4C0_9796,0,0,19.43627161,0,19051.53047,2406.239863,0,0,0,0,114.705098,0,0,0,0,0,0,0,0,0,0,0,0,0,3958.309656,0
URS0000417A0F_9796,0,0,19.43627161,58.06492285,0,0,0,0,0,26.97898337,28.67627449,0,4437.419831,0,0,0,0,30.10112976,0,1478.047538,533.7177046,1648.334806,6620.824235,0,587.5615896,191.1860586
URS000065763A_9796,0,0,77.74508645,0,0,0,0,0,0,107.9159335,0,0,0,0,0,0,0,0,0,0,0,0,0,0,0,0
URS00001C1C82_9796,0,0,11.10644092,0,0,0,0,65.02339894,13.97991855,0,0,0,0,247.9931754,0,0,0,0,1209.29362,0,0,79.3183666,0,969.7797061,212.052303,12.86365407
URS000068CE9C_9796,0,0,8.638342939,0,0,0,0,0,0,0,0,0,0,70.72397964,0,0,0,0,2636.222242,0,0,0,0,536.6943246,0,16.07956759
URS000038D8D3_9796,0,0,11.10644092,0,0,0,0,32.51169947,0,2410.122515,0,0,1763.38366,0,0,0,0,0,0,0,503.21955,9.914795825,0,0,0,8.728908119
URS000070704C_9796,0,0,38.87254322,0,64.3632786,0,0,0,0,11.99065928,0,0,1211.343033,0,0,0,18.63854111,0,0,1008.826097,0,347.0178539,0,0,0,25.72730814
URS00006BDF4F_9796,0,0,25.91502882,0,5363.60655,4903.855923,7068.906808,75.8606321,0,2032.416747,0,0,60.06659669,192.8835808,30.53784636,0,0,40.13483968,0,0,0,0,0,764.6339991,1422.517533,235.8336579
URS000054213D_9796,0,0,0,6381.335021,0,2672.753772,0,0,0,0,0,3717.389861,2455.22214,174.9729626,855.0596982,0,0,2919.809587,0,4560.832402,26.68588523,1110.457132,2638.373567,652.7363407,519.5281424,24.61410731
URS000059900F_9796,0,0,0,23225.96914,0,0,0,0,0,0,0,0,0,0,0,0,0,13726.11517,0,897.3860051,0,0,0,0,123.6971768,123.2766848
URS00004CDAF3_9796,0,0,0,7587.149919,0,10142.7579,0,0,0,0,0,0,0,369.2342833,0,3850.428515,0,0,0,0,0,0,0,826.7993649,0,23.58336579
URS0000700E0F_9796,0,0,0,13471.0621,0,0,0,0,0,0,0,0,0,0,0,0,0,0,0,0,0,0,0,0,0,0
URS000064EAE3_9796,0,0,0,3019.375988,36687.0688,0,0,0,41.93975564,0,0,11333.50567,0,0,0,0,0,0,0,0,0,0,0,0,0,0
URS0000120E41_9796,0,0,0,38.70994857,0,0,0,0,4.659972849,0,0,2561.372282,30.03329835,1.836986484,0,0,0,0,0,0,1458.828392,1353.36963,0,718.0099747,0,13.93562524
URS00006CB88E_9796,0,0,0,58.06492285,0,0,0,0,0,0,0,0,45.04994752,0,0,0,0,0,0,0,0,0,0,0,0,1.607956759
URS0000636E2A_9796,0,0,0,12.90331619,0,0,0,0,0,0,0,0,0,0,0,0,0,0,0,0,0,0,0,0,231.9322064,0
URS00001A72CE_9796,0,0,0,38.70994857,0,0,0,0,0,0,0,0,30.03329835,0,0,0,0,0,0,0,0,0,0,0,0,73.9660109
URS000071CB43_9796,0,0,0,116.1298457,0,0,0,0,0,0,28.67627449,0,3694.095697,200.2315268,0,0,0,1204.04519,4709.432197,0,0,0,10354.37174,0,8411.40802,36.98300545
URS00006F4537_9796,0,0,0,0,4190.764585,0,0,0,0,0,0,0,10.01109945,887.2644719,0,331.2196572,0,2127.146503,4172.914605,0,0,0,0,0,522.2769685,149.3613167
URS000069B656_9796,0,0,0,0,2519.36262,0,0,0,0,0,0,0,0,0,0,0,0,0,0,0,0,0,0,0,0,13.32307029
URS000063E969_9796,0,0,0,0,14546.10096,0,0,0,0,0,8717.587446,0,0,0,0,0,0,0,59.61306578,0,2455.101441,0,0,0,3339.823773,0
URS000005AEAB_9796,0,0,0,0,128.7265572,0,0,0,0,0,7914.65176,0,0,501.4973102,0,0,0,0,0,0,2775.332064,1804.49284,0,0,0,73.9660109
URS0000722818_9796,0,0,0,0,42.9088524,0,0,0,0,0,0,0,0,0,0,0,0,40.13483968,0,35.19160804,0,0,0,2088.75629,0,16.07956759
URS00006A8E25_9796,0,0,0,0,16.09081965,0,0,0,5.242469455,0,0,0,0,0,0,0,0,0,0,0,0,0,0,0,0,0
URS0000EE9CB3_9796,0,0,0,0,64.3632786,0,18.40861148,0,0,0,0,4352.066179,0,0,0,0,83.87343499,0,5305.562855,7126.300628,2134.870818,0,0,0,0,0
URS00006C4B3B_9796,0,0,0,0,128.7265572,0,0,0,0,0,0,0,0,0,0,0,0,0,0,0,1138.59777,0,2654.967112,0,0,34.30307752
URS000071664C_9796,0,0,0,0,16.09081965,0,0,0,0,0,0,0,0,0,0,0,0,0,0,0,0,0,0,16.31840852,15.4621471,0
URS00006F0FC0_9796,0,0,0,0,0,8543.67445,0,0,0,0,0,0,0,8.266439179,0,0,0,0,0,0,0,0,896.0514002,65.27363407,2721.337889,54.6705298
URS00006C923B_9796,0,0,0,0,0,3997.708633,0,0,0,0,0,0,10091.18824,183.6986484,0,0,0,0,0,0,0,0,0,0,0,0
URS0000725EAB_9796,0,0,0,0,0,9411.748325,0,0,0,0,0,0,0,0,0,0,0,0,0,0,0,0,0,0,0,0
URS0000EE9E86_9796,0,0,0,0,0,15.22936622,0,0,41.93975564,0,0,0,0,27.55479726,0,0,0,0,0,0,106.7435409,0,6770.166135,5091.343457,0,48.23870276
URS00006E93CB_9796,0,0,0,0,0,91.37619733,0,0,0,0,0,0,0,0,0,0,0,0,0,0,0,0,0,0,0,0
URS00006EE292_9796,0,0,0,0,0,91.37619733,0,0,0,0,0,0,0,0,0,0,0,0,0,0,0,0,0,0,0,0
URS00001B506A_9796,0,0,0,0,0,91.37619733,0,0,820.1552214,0,0,0,0,209.4164592,0,0,0,0,0,0,43818.22354,34.70178539,0,0,0,0
URS0000429B3F_9796,0,0,0,0,0,0,15794.58865,0,0,0,0,0,0,1.836986484,0,0,0,0,19.87102193,2322.646131,0,0,0,21.75787802,432.9401187,69.91931973
URS00006774C6_9796,0,0,0,0,0,0,14910.9753,0,0,0,0,0,0,666.8260938,0,0,0,0,0,0,0,0,0,0,0,0
URS000000D03E_9796,0,0,0,0,0,0,11597.42523,0,0,0,0,0,0,0,0,0,0,0,0,0,0,0,0,0,0,0
URS0000716DC0_9796,0,0,0,0,0,0,220.9033377,0,0,0,0,0,0,0,0,0,5703.393579,0,11326.4825,0,0,0,199.1225334,0,0,0
URS00006FD71A_9796,0,0,0,0,0,0,13.80645861,0,0,0,0,0,0,0,0,982.3673925,0,0,0,0,950.9879099,0,0,0,0,12.19367209
URS00009C935E_9796,0,0,0,0,0,0,110.4516689,0,0,0,0,0,0,0,0,0,0,0,0,0,0,2290.317836,0,0,0,0
URS00006C1CC7_9796,0,0,0,0,0,0,36.81722296,0,0,17.98598891,0,0,0,0,0,0,0,0,0,7108.704824,0,0,1194.7352,1218.441169,1772.992867,0
URS000065B394_9796,0,0,0,0,0,0,110.4516689,0,0,1402.907135,0,0,0,0,0,1018.500446,0,0,768.3461812,0,0,0,0,29.01050403,211.6596136,6.110235683
URS0000625169_9796,0,0,0,0,0,0,55.22583443,0,20.96987782,0,0,45.3340227,0,0,0,0,0,6140.630472,0,0,0,0,0,5352.437994,0,0
URS0000716F97_9796,0,0,0,0,0,0,0,42102.65081,0,0,0,5485.416746,0,245.2376956,2931.633251,0,0,0,4649.819131,0,3949.511014,0,0,0,0,0
URS00006C14B2_9796,0,0,0,0,0,0,0,4649.173024,0,0,0,0,0,0,0,0,0,0,0,0,487.9704727,525.4841787,0,0,35.3420505,0
URS00007231E9_9796,0,0,0,0,0,0,0,4551.637926,0,0,0,0,0,0,0,0,0,0,0,0,0,0,0,0,0,0
URS00006FD91D_9796,0,0,0,0,0,0,0,8496.390795,1266.58062,0,0,0,18.01997901,0,0,0,0,0,2026.844237,0,0,439.5559482,0,0,1014.316849,49.52506817
URS00006EA502_9796,0,0,0,0,0,0,0,1744.794538,0,0,0,0,5315.893807,0,0,0,0,0,13.24734795,0,0,177.3646809,0,14.50525202,274.882615,27.65685625
URS0000651B37_9796,0,0,0,0,0,0,0,227.5818963,0,0,0,0,0,611.7164992,0,0,0,0,0,0,0,0,0,4830.248921,0,0
URS0000092302_9796,0,0,0,0,0,0,0,227.5818963,0,0,0,0,0,0,0,0,0,0,8584.281473,0,0,0,0,0,0,38.59096221
URS00003D74DA_9796,0,0,0,0,0,0,0,113.7909481,0,0,0,0,0,0,0,0,0,0,0,0,0,0,0,0,0,0
URS00000AED6F_9796,0,0,0,0,0,0,0,227.5818963,0,0,0,7978.787995,0,1824.127579,0,0,83.87343499,60.20225952,0,0,0,0,3185.960534,0,0,549.9212115
URS00001618FC_9796,0,0,0,0,0,0,0,75.8606321,0,0,0,0,0,0,0,0,0,0,0,0,889.5295076,0,0,0,0,1.071971172
URS0000EEA0C1_9796,0,0,0,0,0,0,0,28.44773704,0,0,0,0,0,0,0,0,20.96835875,0,0,0,0,0,0,0,0,15.16073515
URS0000207FD6_9796,0,0,0,0,0,0,0,227.5818963,0,0,0,0,0,0,0,0,0,0,0,0,0,0,0,0,0,0
URS0000681851_9796,0,0,0,0,0,0,0,0,5997.385056,0,0,0,0,0,0,0,0,0,0,0,0,0,0,0,0,0
URS000065282E_9796,0,0,0,0,0,0,0,0,1394.496875,0,57.35254899,0,22.52497376,748.1127457,0,0,0,0,0,0,0,624.632137,0,0,0,407.6170383
URS0000573C48_9796,0,0,0,0,0,0,0,0,4068.156297,0,0,0,0,0,0,0,167.74687,0,0,0,0,0,0,0,0,0
URS000070B37B_9796,0,0,0,0,0,0,0,0,1572.740836,0,0,5168.078588,0,198.3945403,0,62.10368573,0,0,2652.781427,0,1334.294261,0,0,4003.449556,0,17.15153876
URS000061E9BC_9796,0,0,0,0,0,0,0,0,411.0096053,0,0,0,0,0,0,0,0,0,0,0,0,0,0,0,0,0
URS00000C18F2_9796,0,0,0,0,0,0,0,0,31.45481673,0,0,0,0,35.82123644,0,0,0,2829.506198,59.61306578,3383.673113,1585.141583,0,4062.099681,0,30.92429419,185.7190056
URS00006B4712_9796,0,0,0,0,0,0,0,0,13.97991855,3291.435971,0,0,0,0,0,0,0,0,0,0,0,0,0,0,3545.985734,0
URS0000EE99F8_9796,0,0,0,0,0,0,0,0,41.93975564,9928.265881,0,0,90.09989504,11.02191891,0,0,0,120.404519,0,0,0,0,0,4438.607117,0,42.34286131
URS0000715262_9796,0,0,0,0,0,0,0,0,41.93975564,0,0,0,0,0,0,31.05184287,0,0,0,0,0,0,1393.857734,1566.567218,0,0
URS00004D8C39_9796,0,0,0,0,0,0,0,0,0,6798.70381,0,18.13360908,18.01997901,0,0,0,0,20.06741984,0,0,0,0,0,0,0,0
URS0000225EE1_9796,0,0,0,0,0,0,0,0,0,3318.414955,0,0,0,0,0,0,0,0,0,0,1494.409573,0,0,0,711.2587664,0
URS0000EE96AF_9796,0,0,0,0,0,0,0,0,0,3021.646138,0,0,0,209.4164592,0,0,0,0,0,0,0,0,0,0,0,49.84665952
URS00005DB87D_9796,0,0,0,0,0,0,0,0,0,26.97898337,0,0,0,98.92172217,0,0,0,0,596.1306578,7522.206219,0,1318.667845,6531.219095,52.21890725,0,46.630746
URS00003A0C47_9796,0,0,0,0,0,0,0,0,0,35.97197783,0,0,0,0,0,0,0,0,0,0,0,0,0,0,0,93.26149201
URS00006B373D_9796,0,0,0,0,0,0,0,0,0,53.95796674,0,0,0,0,0,0,0,0,0,0,0,2429.124977,0,0,0,46.630746
URS00005A729D_9796,0,0,0,0,0,0,0,0,0,107.9159335,0,0,0,0,0,0,10568.05281,0,0,0,0,0,0,0,0,0
URS00006685B3_9796,0,0,0,0,0,0,0,0,0,0,2133.514822,0,0,85.97096746,0,3924.952938,3623.332391,0,0,0,0,0,0,0,0,0
URS00002D7BB5_9796,0,0,0,0,0,0,0,0,0,0,1161.389117,0,0,281.3213587,0,0,0,0,0,15.08211773,0,0,0,0,0,37.51899104
URS00007102EC_9796,0,0,0,0,0,0,0,0,0,0,8144.061956,0,0,0,0,0,0,0,0,0,0,0,0,0,0,0
URS0000495808_9796,0,0,0,0,0,0,0,0,0,0,2255.866927,0,0,0,0,0,0,0,0,0,0,0,0,0,0,0
URS00002D0948_9796,0,0,0,0,0,0,0,0,0,0,38.23503266,0,0,0,0,0,0,0,0,0,0,0,0,0,0,0
URS0000278E1B_9796,0,0,0,0,0,0,0,0,0,0,114.705098,0,0,0,0,0,0,0,0,0,8005.765568,0,0,4177.51258,0,0
URS000016A14A_9796,0,0,0,0,0,0,0,0,0,0,28.67627449,0,0,0,0,0,0,0,0,0,0,0,0,0,0,0
URS00006D814C_9796,0,0,0,0,0,0,0,0,0,0,0,1258.01913,0,0,0,0,0,0,0,0,0,0,0,0,0,0
URS000062B85F_9796,0,0,0,0,0,0,0,0,0,0,0,1010.301077,12.87141358,1.574559844,0,372.6221144,0,0,0,0,0,0,0,0,0,0
URS000047CD44_9796,0,0,0,0,0,0,0,0,0,0,0,3218.715612,0,0,0,0,0,0,0,0,0,0,0,0,1855.457651,86.82966497
URS000009BE9A_9796,0,0,0,0,0,0,0,0,0,0,0,861.3464313,0,0,0,0,0,0,0,673.0395038,0,0,0,21.75787802,24.73943535,30.01519283
URS0000624E37_9796,0,0,0,0,0,0,0,0,0,0,0,4896.074451,1783.977922,0,12.21513855,0,0,0,0,21.11496482,0,0,0,0,0,77.82510712
URS000052A1C9_9796,0,0,0,0,0,0,0,0,0,0,0,2130.699067,0,0,0,0,0,0,0,0,0,0,0,0,0,34.30307752
URS000068A70A_9796,0,0,0,0,0,0,0,0,0,0,0,392.8948634,0,0,20.35856424,0,0,0,0,0,0,0,0,0,804.0316489,109.3410596
URS00002D40C8_9796,0,0,0,0,0,0,0,0,0,0,0,22.66701135,0,161.195564,0,2856.769544,0,5779.416914,0,0,298.8819145,0,17522.78294,0,1175.123179,77.9859028
URS000042C3BF_9796,0,0,0,0,0,0,0,0,0,0,0,0,2757.056788,0,0,0,0,1003.370992,0,1309.127819,0,0,0,0,0,4.823870276
URS0000637E4A_9796,0,0,0,0,0,0,0,0,0,0,0,0,3724.128995,0,0,0,0,7103.866624,0,0,0,0,0,0,0,13.93562524
URS000069D5BD_9796,0,0,0,0,0,0,0,0,0,0,0,0,1801.997901,0,0,0,0,0,0,0,0,0,0,1070.487599,0,0
URS000052A072_9796,0,0,0,0,0,0,0,0,0,0,0,0,8919.889609,0,0,0,0,0,0,0,0,0,0,0,0,38.59096221
URS0000649F54_9796,0,0,0,0,0,0,0,0,0,0,0,0,180.1997901,0,0,0,0,0,0,0,0,0,0,0,0,0
URS00006C103B_9796,0,0,0,0,0,0,0,0,0,0,0,0,45.04994752,0,0,0,0,0,0,0,1707.896655,2290.317836,0,1697.114486,0,0
URS0000320FD9_9796,0,0,0,0,0,0,0,0,0,0,0,0,10.01109945,0,0,0,0,0,0,1032.287169,0,0,0,0,0,16.61555317
URS00003A8311_9796,0,0,0,0,0,0,0,0,0,0,0,0,18.01997901,0,0,0,0,0,0,0,0,0,0,0,0,0
URS000067BEDF_9796,0,0,0,0,0,0,0,0,0,0,0,0,90.09989504,0,0,0,0,0,0,0,0,0,0,130.5472681,0,0
URS000065435B_9796,0,0,0,0,0,0,0,0,0,0,0,0,0,294.8363307,0,0,0,0,0,0,0,0,0,2610.945363,0,0
URS000069C296_9796,0,0,0,0,0,0,0,0,0,0,0,0,0,484.9644318,0,0,0,0,0,0,0,0,0,0,0,0
URS000070B76A_9796,0,0,0,0,0,0,0,0,0,0,0,0,0,14.69589187,0,0,0,0,39.74204386,0,4162.998096,624.632137,0,0,0,38.59096221
URS000069E17B_9796,0,0,0,0,0,0,0,0,0,0,0,0,0,5.510959453,0,0,9729.318458,0,0,0,0,0,0,0,0,67.53418387
URS0000EEA433_9796,0,0,0,0,0,0,0,0,0,0,0,0,0,8.266439179,0,0,0,0,0,0,1868.011966,0,0,0,0,0
URS0000673DB1_9796,0,0,0,0,0,0,0,0,0,0,0,0,0,5.510959453,0,0,0,0,0,0,0,0,0,0,565.472808,9.647740552
URS00000F30A4_9796,0,0,0,0,0,0,0,0,0,0,0,0,0,0,2259.800631,0,0,0,0,0,0,0,0,0,0,0
URS00006FE872_9796,0,0,0,0,0,0,0,0,0,0,0,0,0,0,9283.505295,0,0,0,0,0,0,0,0,4569.154385,0,0
URS00006E2FEB_9796,0,0,0,0,0,0,0,0,0,0,0,0,0,0,4519.601262,0,0,0,0,0,0,0,0,0,1917.30624,0
URS0000A35E0D_9796,0,0,0,0,0,0,0,0,0,0,0,0,0,0,1003.386381,0,0,0,0,0,0,0,0,0,0,0
URS0000753A37_9796,0,0,0,0,0,0,0,0,0,0,0,0,0,0,7.634461591,0,0,0,0,13.19685302,417.2702054,0,0,0,0,0
URS0000673890_9796,0,0,0,0,0,0,0,0,0,0,0,0,0,0,61.07569273,0,0,170733.608,0,0,0,0,0,0,0,3.215913517
URS000043A485_9796,0,0,0,0,0,0,0,0,0,0,0,0,0,0,15.26892318,0,0,0,0,0,0,0,0,0,0,0
URS00006875F3_9796,0,0,0,0,0,0,0,0,0,0,0,0,0,0,30.53784636,0,0,0,8703.507604,0,0,0,8860.952735,4177.51258,123.6971768,12.86365407
URS00000F6A44_9796,0,0,0,0,0,0,0,0,0,0,0,0,0,0,61.07569273,0,0,0,0,0,0,0,0,0,0,0
URS0000390F3A_9796,0,0,0,0,0,0,0,0,0,0,0,0,0,0,0,1863.110572,0,0,0,3853.481081,0,356.9326497,0,0,0,5.053578385
URS00003D2CC9_9796,0,0,0,0,0,0,0,0,0,0,0,0,0,0,0,0,4109.798314,0,0,0,0,1041.053562,0,2676.218997,0,0
URS000071E10B_9796,0,0,0,0,0,0,0,0,0,0,0,0,0,0,0,0,83.87343499,0,0,0,0,0,0,0,41.23239225,0
URS000062C4DE_9796,0,0,0,0,0,0,0,0,0,0,0,0,0,0,0,0,167.74687,2263.604958,0,0,0,0,1035.437174,0,0,726.7964549
URS00006E6144_9796,0,0,0,0,0,0,0,0,0,0,0,0,0,0,0,0,0,120.404519,0,8129.261458,0,0,0,0,0,0
URS00002153E1_9796,0,0,0,0,0,0,0,0,0,0,0,0,0,0,0,0,0,40.13483968,0,0,0,0,0,0,0,17.91723245
URS00006675D0_9796,0,0,0,0,0,0,0,0,0,0,0,0,0,0,0,0,0,0,2950.846756,0,0,0,0,0,0,0
URS0000751D67_9796,0,0,0,0,0,0,0,0,0,0,0,0,0,0,0,0,0,0,5603.628184,0,0,0,0,0,2350.246358,0
URS0000EE9F44_9796,0,0,0,0,0,0,0,0,0,0,0,0,0,0,0,0,0,0,1728.778908,0,0,0,0,1207.56223,0,0
URS000070B58F_9796,0,0,0,0,0,0,0,0,0,0,0,0,0,0,0,0,0,0,357.6783947,0,0,0,0,0,0,48.23870276
URS0000640695_9796,0,0,0,0,0,0,0,0,0,0,0,0,0,0,0,0,0,0,59.61306578,0,0,0,0,0,0,24.11935138
URS000064E10F_9796,0,0,0,0,0,0,0,0,0,0,0,0,0,0,0,0,0,0,0,29666.52558,0,0,0,0,0,311.9436112
URS00006A03BB_9796,0,0,0,0,0,0,0,0,0,0,0,0,0,0,0,0,0,0,0,28505.20251,0,0,0,0,0,0
URS00005E3C0A_9796,0,0,0,0,0,0,0,0,0,0,0,0,0,0,0,0,0,0,0,6270.390447,0,0,0,0,664.8723251,87.84803758
URS0000DD0580_9796,0,0,0,0,0,0,0,0,0,0,0,0,0,0,0,0,0,0,0,1992.724805,0,0,0,0,0,0
URS00006E4131_9796,0,0,0,0,0,0,0,0,0,0,0,0,0,0,0,0,0,0,0,2744.945427,0,0,0,0,1319.436552,0
URS0000627D49_9796,0,0,0,0,0,0,0,0,0,0,0,0,0,0,0,0,0,0,0,7706.962161,0,0,0,0,0,0
URS00002901EC_9796,0,0,0,0,0,0,0,0,0,0,0,0,0,0,0,0,0,0,0,6281.702035,0,34.70178539,0,0,2267.781574,70.75009738
URS00006AF4B3_9796,0,0,0,0,0,0,0,0,0,0,0,0,0,0,0,0,0,0,0,279.7732839,0,0,0,0,0,0
URS000000925B_9796,0,0,0,0,0,0,0,0,0,0,0,0,0,0,0,0,0,0,0,5067.591558,0,0,0,0,0,0
URS00007264B7_9796,0,0,0,0,0,0,0,0,0,0,0,0,0,0,0,0,0,0,0,5.278741206,0,0,0,0,0,0
URS00006DD418_9796,0,0,0,0,0,0,0,0,0,0,0,0,0,0,0,0,0,0,0,105.5748241,0,0,0,0,0,0
URS00006738D0_9796,0,0,0,0,0,0,0,0,0,0,0,0,0,0,0,0,0,0,0,0,704.50737,0,0,0,383.461248,0
URS0000710668_9796,0,0,0,0,0,0,0,0,0,0,0,0,0,0,0,0,0,0,0,0,1174.17895,0,0,0,0,0
URS000072CEE2_9796,0,0,0,0,0,0,0,0,0,0,0,0,0,0,0,0,0,0,0,0,515.9271144,0,0,0,0,12.05967569
URS00000A1A88_9796,0,0,0,0,0,0,0,0,0,0,0,0,0,0,0,0,0,0,0,0,332.0910162,0,0,0,0,0
URS000065AEFC_9796,0,0,0,0,0,0,0,0,0,0,0,0,0,0,0,0,0,0,0,0,889.5295076,0,0,2219.303558,0,84.14973704
URS00004CF258_9796,0,0,0,0,0,0,0,0,0,0,0,0,0,0,0,0,0,0,0,0,362.9280391,0,0,339.4228972,0,0
URS000067519F_9796,0,0,0,0,0,0,0,0,0,0,0,0,0,0,0,0,0,0,0,0,35.5811803,0,0,0,0,0
URS000064FCE5_9796,0,0,0,0,0,0,0,0,0,0,0,0,0,0,0,0,0,0,0,0,53.37177046,0,0,0,0,0
URS000064C78A_9796,0,0,0,0,0,0,0,0,0,0,0,0,0,0,0,0,0,0,0,0,0,1110.457132,0,0,0,0
URS0000729770_9796,0,0,0,0,0,0,0,0,0,0,0,0,0,0,0,0,0,0,0,0,0,8.675446347,0,0,0,0
URS00006B16A6_9796,0,0,0,0,0,0,0,0,0,0,0,0,0,0,0,0,0,0,0,0,0,0,2190.347867,0,0,51.45461628
URS0000EEA88E_9796,0,0,0,0,0,0,0,0,0,0,0,0,0,0,0,0,0,0,0,0,0,0,7168.411201,0,0,0
URS00006FB391_9796,0,0,0,0,0,0,0,0,0,0,0,0,0,0,0,0,0,0,0,0,0,0,4380.695734,0,0,0
URS000066103F_9796,0,0,0,0,0,0,0,0,0,0,0,0,0,0,0,0,0,0,0,0,0,0,597.3676001,0,0,0
URS00006977C3_9796,0,0,0,0,0,0,0,0,0,0,0,0,0,0,0,0,0,0,0,0,0,0,24.89031667,0,0,0
URS00000FB60D_9796,0,0,0,0,0,0,0,0,0,0,0,0,0,0,0,0,0,0,0,0,0,0,0,1253.253774,0,23.79776003
URS00006358AC_9796,0,0,0,0,0,0,0,0,0,0,0,0,0,0,0,0,0,0,0,0,0,0,0,761.5257308,0,0
URS00006B528B_9796,0,0,0,0,0,0,0,0,0,0,0,0,0,0,0,0,0,0,0,0,0,0,0,4046.965312,0,0
URS000070A154_9796,0,0,0,0,0,0,0,0,0,0,0,0,0,0,0,0,0,0,0,0,0,0,0,293.7313533,0,0
URS000002688E_9796,0,0,0,0,0,0,0,0,0,0,0,0,0,0,0,0,0,0,0,0,0,0,0,600.5174334,0,0
URS000063DE28_9796,0,0,0,0,0,0,0,0,0,0,0,0,0,0,0,0,0,0,0,0,0,0,0,652.7363407,0,0
URS000072E8AF_9796,0,0,0,0,0,0,0,0,0,0,0,0,0,0,0,0,0,0,0,0,0,0,0,609.2205846,0,0
URS000071EE81_9796,0,0,0,0,0,0,0,0,0,0,0,0,0,0,0,0,0,0,0,0,0,0,0,391.6418044,0,0
URS00006A9448_9796,0,0,0,0,0,0,0,0,0,0,0,0,0,0,0,0,0,0,0,0,0,0,0,43.51575605,0,0
URS00006EA7CF_9796,0,0,0,0,0,0,0,0,0,0,0,0,0,0,0,0,0,0,0,0,0,0,0,130.5472681,0,0
URS000074FC25_9796,0,0,0,0,0,0,0,0,0,0,0,0,0,0,0,0,0,0,0,0,0,0,0,0,1113.274591,9.446745957
URS00002034DC_9796,0,0,0,0,0,0,0,0,0,0,0,0,0,0,0,0,0,0,0,0,0,0,0,0,409.1522001,33.76709193
URS000066AC71_9796,0,0,0,0,0,0,0,0,0,0,0,0,0,0,0,0,0,0,0,0,0,0,0,0,689.1699848,9.188324336
URS00006F824B_9796,0,0,0,0,0,0,0,0,0,0,0,0,0,0,0,0,0,0,0,0,0,0,0,0,3958.309656,0
URS000035EE7E_9796,0,0,0,0,0,0,0,0,0,0,0,0,0,0,0,0,0,0,0,0,0,0,0,0,3875.844872,139.892238
URS000072A502_9796,0,0,0,0,0,0,0,0,0,0,0,0,0,0,0,0,0,0,0,0,0,0,0,0,274.882615,7.503798207
URS0000225405_9796,0,0,0,0,0,0,0,0,0,0,0,0,0,0,0,0,0,0,0,0,0,0,0,0,0,147.3960362
URS0000593306_9796,0,0,0,0,0,0,0,0,0,0,0,0,0,0,0,0,0,0,0,0,0,0,0,0,0,133.460411
URS00003A4B65_9796,0,0,0,0,0,0,0,0,0,0,0,0,0,0,0,0,0,0,0,0,0,0,0,0,0,86.82966497
URS00001D909A_9796,0,0,0,0,0,0,0,0,0,0,0,0,0,0,0,0,0,0,0,0,0,0,0,0,0,115.7728866
URS0000634F5B_9796,0,0,0,0,0,0,0,0,0,0,0,0,0,0,0,0,0,0,0,0,0,0,0,0,0,10.29092326
URS0000405AE2_9796,0,0,0,0,0,0,0,0,0,0,0,0,0,0,0,0,0,0,0,0,0,0,0,0,0,96.47740552
URS000005A7A9_9796,0,0,0,0,0,0,0,0,0,0,0,0,0,0,0,0,0,0,0,0,0,0,0,0,0,11.48540542
URS00002DDD59_9796,0,0,0,0,0,0,0,0,0,0,0,0,0,0,0,0,0,0,0,0,0,0,0,0,0,19.2954811
URS00006EE9DF_9796,0,0,0,0,0,0,0,0,0,0,0,0,0,0,0,0,0,0,0,0,0,0,0,0,0,3.215913517
URS0000728F06_9796,0,0,0,0,0,0,0,0,0,0,0,0,0,0,0,0,0,0,0,0,0,0,0,0,0,7.235805414
URS00001C3F54_9796,0,0,0,0,0,0,0,0,0,0,0,0,0,0,0,0,0,0,0,0,0,0,0,0,0,2.411935138
URS000067CEEF_9796,0,0,0,0,0,0,0,0,0,0,0,0,0,0,0,0,0,0,0,0,0,0,0,0,0,6.431827035
URS0000ECB3E0_9796,0,0,0,0,0,0,0,0,0,0,0,0,0,0,0,0,0,0,0,0,0,0,0,0,0,0.643182703
URS0000333F2E_9796,0,0,0,0,0,0,0,0,0,0,0,0,0,0,0,0,0,0,0,0,0,0,0,0,0,0.178661862
URS000050B240_9796,0,0,0,0,0,0,0,0,0,0,0,0,0,0,0,0,0,0,0,0,0,0,0,0,0,0.643182703
