genes,1,2,3,4,5,6,7,8,9,10,11,12,13,14,15,16,17,18,19,20,21,22,23,24,25,26,27,28,29,30,31,32,33,34,35,36,37,38,39,40,41,42,43,44,45,46,47,48,49,50,51,52
#uniSp.2,11243730.6,140044841.8,94384348.95,79995233.79,64515307.13,61186217.34,63019369.2,68963582.84,79487766.09,92496644.61,119700634.3,97925037.42,84732809.94,102797188.3,102978162.5,107625253.5,58929152.61,213087018.7,72785161.12,66838023.36,42829157.02,40547010.98,63992772.43,82672975.05,104967508.9,77453017.04,51993824.86,49197717.47,125760992.5,167663014.7,53971954.45,75068050.67,58053971.72,66082573.54,36557487.6,46755949.56,107641644,44872021.72,141794366.8,133086869.9,41599583.52,159628142.9,110466111.3,180006312.5,82770301.69,44021329.99,73002829.77,70140471.89,96189827.81,26349984.94,34187541.94,49521536.09
#uniSp.4,58840.42,75311.94,62280.49,92066.37,44840.29,40600.1,48375.64,61173.27,54270.33,61757.94,41167.45,45338.5,56593.96,51128.38,73168.61,74596.6,51835.68,152068.28,93733.31,56320.5,53980.52,26147.77,63650.52,103905.59,91574.91,52740.67,43079.58,39561.85,67803.89,104363.43,60587.44,64852.54,37762.02,53655.6,15911.5,38569.11,106768.9,28803.69,118923.43,82743.41,38555.11,104187.29,99062.85,107625,50253.51,30252.34,27903.42,51294.68,77637.87,53913.34,40293.94,39298.67
#uniSp.5,1593.88,19719.25,4952.66,13192.56,8918.92,8525.13,9021.59,5641.83,11250.75,0,11359.4,6822.78,8474.8,6807.25,28449.63,7583.11,11470.53,15803.01,2091.86,17060.74,2302.09,9518.1,13856.17,10850.9,14107.35,16812.53,12230.5,10831.32,14911.13,20683.79,11984.86,14169.11,6274.72,4937.21,3190.66,8190.79,23950.86,3019.24,24744.42,31660.2,7463.61,16630.37,6768.27,26125,19860.5,12965.29,8025.42,6322.88,4930.59,3485.22,6219.21,11841.72
eca-let-7a,620.07,28520.5,23419.92,15324.28,7444.72,18341.27,28840.69,18944.47,38009.75,24379.37,22345.67,18355.49,15103.86,17018.13,19053.42,18076.01,13931.34,5757.69,10459.32,10276.58,4087.95,33809.4,30846.94,9608.71,17204.09,23952.1,29917.49,12070.5,24645.12,11475.26,29339.46,20134.32,8161.69,36900.05,12706.91,23486.08,16035.95,19550.94,8428.96,15758.96,24225.81,17323.3,21488.07,18687.5,24174.35,19517.64,15470.97,27700.22,12250.63,12477.95,4942.64,19451.28
eca-let-7c,2796.57,163101.6,77866.8,97094.02,102211.3,109446.65,77831.98,76740.19,159459.69,113825.14,127855.4,89840.65,127589.88,128005.92,66817.47,185786.09,101647.15,62109.52,39255.83,110955,49055.45,163232.03,144052.23,53414.2,87249.31,51819.44,125219.59,99608.36,109030.18,38486.97,124603.74,123586.91,81525.94,108515.4,71727.14,125758.52,89990.93,153708.12,60045.9,170787.24,111603.65,61472.98,148759.94,107000,175831.26,103513.17,120914.81,116275.25,127285.14,98920.01,38477.28,116019.68
eca-let-7d,4.16,1504.01,1618.52,4705.88,1474.2,22.26,1539.12,18.87,4633.67,23.46,4353.05,1188.48,1325.81,6807.25,0,1058.11,39.69,0,0,40.14,0,29.47,1297.77,4639.95,0,0,0,0,2433.5,2597.28,3380.35,2836.6,22.73,17.2,4876.55,4170.31,1772.61,3924.23,0,1387.36,1175.21,0,0,0,0,1882.06,0,2436.09,0,0,0,62.54
eca-let-7e,8.32,7185.83,5098.32,4826.55,9336.61,2359.44,6085.43,6415.46,17303.58,23.46,12064.18,5458.23,2027.71,6585.28,1218.03,88.18,6469.54,0,6364.61,40.14,0,11227.24,13856.17,3726.57,49.15,460.62,14612.72,4421.26,10163.43,4013.98,5353.56,11860.9,8207.16,4438.33,1797.36,11524.53,6925.55,9471.2,2795.74,7683.82,6783.23,49.5,47.33,1750,8543.66,2439.7,8883.63,9689.6,12440.26,3033.43,16.37,3502.48
eca-let-7f,2675.89,9636.81,15893.83,6837.61,6830.47,11863.95,7908.69,10962.88,14140.38,11309.78,15836.82,11312.62,6369.1,73.99,3219.07,20368.57,18833.1,29768.47,5964.04,9513.87,14789.18,6777.6,15353.59,9718.32,6439.24,29249.19,16489.22,5798.12,14720.27,10247.45,18211.81,13293.1,2432.59,8050.92,4110.24,20851.54,5977.41,16063.6,14562.9,17644.34,9030.56,6978.82,11832.64,9625,6554.81,7319.11,9115.58,18229.59,16422.67,11423.78,6841.13,1813.78
eca-let-7g,2326.32,4177.81,6182.73,2895.93,3071.25,2515.25,1657.51,0,1060.1,0,6052.82,1232.5,0,0,3393.07,88.18,0,0,89.02,7506.72,1548.68,9.82,4033.06,73.07,0,0,1397.39,0,1407.61,2691.73,2167.3,1696.4,2091.57,0,27.87,3533.52,2844.42,514.91,2837.47,1529.65,2371.04,0,0,4375,5658.42,0,1832.39,3175.12,0,43.03,0,6921.57
eca-miR-1,0,2562.39,0,0,24.57,0,0,0,0,0,0,0,831.88,0,0,0,0,0,0,40.14,0,0,0,2520.92,0,0,0,0,0,0,0,0,0,5522.11,0,0,0,0,0,0,0,0,0,1000,0,2439.7,0,0,4172.04,0,0,0
eca-miR-100,2238.92,2228.16,1683.26,9371.54,1621.62,0,71.04,5264.45,0,46.93,5265.12,3829.56,8370.81,221.98,0,176.35,4584.24,40.83,9168.6,642.29,2915.98,2524.41,698.8,8658.8,3145.89,7139.57,9182.86,15.3,2695.93,2361.16,1407.13,639.63,0,0,3023.46,636.78,4163.57,2020.63,0,3308.31,0,0,3928.44,2687.5,11737.02,3276.17,2968.94,1368.59,4209.97,11122.59,0,0
eca-miR-101,5447.49,8801.25,2751.48,9713.42,3169.53,5408.89,7790.3,8094.8,1504.66,3238.07,4684.71,1716.7,9384.67,73.99,2958.07,176.35,2182.97,40.83,8189.42,40.14,3515.92,6875.82,5151.14,6685.91,5013.76,4606.17,1663.56,6930.21,3125.37,1511.14,1488,4699.86,5479.02,3096.51,5782.2,2547.13,2184.85,3136.26,6259.13,391.31,4102.92,7869.73,6484.29,8187.5,0,8643.52,3224.09,793.78,0,3291.6,7217.56,10632.53
eca-miR-103,14057.78,5570.41,8044.02,5711.41,7616.71,10728.75,11792.01,14642.34,1658.54,15181.38,3275.15,15098.16,25632.36,295.97,28971.64,352.7,22841.83,11801.22,4762.33,19951.03,27569.27,12631.87,19067.2,24259.25,24233.19,6448.64,8331.12,18817.12,16986.76,17378.16,12243.64,10094.97,8070.75,8979.87,22878,9014.86,9563.86,9377.58,208.64,1743.09,11504.68,32716.29,7004.92,18875,12437.32,6970.58,21826.36,8457.87,3716.91,10132.95,25989.75,18533.96
eca-miR-106a,1564.75,0,0,0,0,0,0,0,0,0,0,2993.22,0,0,0,0,0,0,0,0,0,0,0,36.54,0,0,0,0,0,0,0,0,0,0,0,0,0,0,0,0,0,0,0,0,0,0,0,0,0,0,3666.06,4857.61
eca-miR-107a,14057.78,5403.3,8044.02,5711.41,7616.71,10728.75,11792.01,14642.34,1658.54,15181.38,3275.15,15098.16,21550.94,295.97,28971.64,352.7,22841.83,11801.22,4762.33,19951.03,27569.27,12631.87,17749.47,24222.72,24233.19,6448.64,6947.03,18817.12,16986.76,17378.16,10270.43,8412.48,8070.75,8979.87,22878,9014.86,9563.86,9377.58,166.91,1743.09,11504.68,32666.8,7004.92,18875,12437.32,6970.58,21826.36,8457.87,3716.91,10132.95,25989.75,18533.96
eca-miR-107b,7744.68,55.7,5324.92,3821.02,3783.78,7679.29,7103.62,4490.82,17.1,6171.1,8208.61,9816,10476.51,6585.28,11745.26,176.35,12740.62,11474.54,4584.3,18024.17,7855.01,7799.15,10821.39,5809.07,14009.04,6218.33,13.31,12452.96,13527.38,0,1164.52,2447.27,3660.26,6175.81,9822.77,0,4781.93,4158.28,125.18,1707.52,2845.24,5840.43,47.33,9062.5,12409.31,0,9602.67,4516.34,3641.05,4109.12,17708.38,20.85
eca-miR-10a,266.34,55.7,16.19,4786.32,0,6877.98,1657.51,37.74,2222.79,23.46,497.49,2509.02,1039.85,0,7656.17,10228.37,19.85,0,4717.82,3331.86,4701.84,4596.98,79.86,3105.48,2998.43,0,2914.56,275.37,23.86,94.45,48.52,13.9,2114.31,1703.08,0,1211.14,41.22,733.36,41.73,2098.82,9113.03,6384.87,47.33,0,0,0,46.39,2189.74,0,6411.08,0,62.54
eca-miR-10b,4631.83,123718.81,90329.37,106365.01,19582.31,82869.61,72741.05,62946.96,101342.22,157445.21,98420.46,58896.03,37954.61,131261.56,50635.11,102107.4,96209.57,19723.14,28796.51,55878.93,45232.58,117448.87,114163.64,40626.94,80220.21,35237.22,150878.36,87262.49,107646.43,54117.87,97043.41,94664.68,126244.71,96937.9,28033.22,127981.02,92505.57,148941.32,28833.72,112980.68,50204.12,84983.17,122444.15,89437.5,68657.39,165690.78,65131.17,112716.92,59849.81,65982.53,64597.96,79264.48
eca-miR-1180,0,0,0,0,0,0,0,0,0,0,0,0,0,0,0,0,0,0,0,0,0,0,0,0,0,0,0,0,23.86,0,1099.83,0,0,0,0,699.21,1236.71,0,0,0,0,0,0,0,0,0,0,821.15,0,0,0,0
eca-miR-122,241.37,0,0,0,0,0,0,0,0,0,0,0,5433.23,0,1827.04,0,0,0,0,40.14,5901.72,3663.83,0,4786.09,0,230.31,2049.51,0,0,10861.35,0,500.58,1841.5,3096.51,10923.48,1698.09,5152.94,3643.37,0,0,2824.63,0,47.33,3250,0,0,1600.45,0,44792.54,0,3780.63,0
eca-miR-125a-3p,0,0,0,0,0,0,0,0,0,0,0,0,0,0,0,0,0,0,0,0,0,0,0,0,0,0,159.7,0,0,0,0,0,0,0,0,0,0,0,0,0,0,0,0,0,0,0,1901.98,0,0,0,0,20.85
eca-miR-125a-5p,1589.72,55.7,6441.69,5389.64,2457,2515.25,1444.4,1528.39,4240.4,12224.88,1077.9,9243.77,3197.55,8065.11,3741.08,0,1071.64,3675.12,89.02,3131.15,1255.69,4017.44,3913.27,36.54,2015.34,0,3233.96,2202.98,8660.38,13505.86,1827.65,3253.75,10730.69,4094.27,5141.28,2796.85,2390.96,7793.85,41.73,5051.4,1154.59,0,3029.16,6250,1736.74,7249.41,5288.43,2025.51,8040.66,0,16.37,0
eca-miR-125b-5p,1527.3,334.22,8189.69,4947.21,7125.31,4407.25,2225.8,113.21,0,2674.93,165.83,11532.71,3977.44,0,6351.14,529.05,2500.5,20008.98,44.51,19750.31,865.03,4390.7,0,73.07,1917.03,0,1517.17,5308.57,4103.54,12041.93,0,3559.66,22.73,1410.63,557.32,2821.83,1978.73,569.52,9764.24,0,2185.48,49.5,47.33,8812.5,7143.06,69.71,23.19,27.37,0,0,6939.33,1855.48
eca-miR-126-3p,5401.72,8912.66,13773.57,14881.85,15159.71,8391.58,4427.92,8698.61,17.1,12271.81,22552.96,16594.77,11334.39,813.91,32973.73,617.23,6687.83,23969.95,18070.14,15013.45,6501.66,4685.38,7327.4,12385.37,1425.48,16582.22,8357.73,6180.58,10569.01,8689.08,3865.56,3851.66,9753.1,12609.67,13849.41,1635.66,1855.06,5110.08,12977.26,0,16452.93,148.49,13347.22,6687.5,9636.12,69.71,11017.56,2408.72,12174.77,2818.3,9639.78,8568.57
eca-miR-126-5p,5593.15,222.82,11232.5,14198.09,3955.77,0,8263.88,6585.28,1265.28,5279.46,3316.61,14349.85,9592.64,813.91,8526.19,352.7,4544.55,24745.8,4139.22,40.14,12431.29,9.82,0,21153.78,0,0,4724.51,7802.22,5582.73,3683.42,1358.61,3559.66,2841.81,17.2,1490.83,3496.07,2761.98,7.8,0,71.15,8968.7,0,4117.76,3125,28.01,0,1438.08,1587.56,14867.63,13725.74,6382.87,792.23
eca-miR-127,174.79,0,1877.48,9874.31,0,0,118.39,18.87,1744.04,0,41.46,0,1767.75,0,0,0,0,10657.85,12417.66,0,0,0,0,2557.45,0,0,0,4191.78,3960.4,1369.47,970.43,2002.31,386.49,0,0,611.81,0,1529.12,13519.72,1920.96,1092.74,0,0,7500,0,0,997.38,2162.37,4323.75,0,0,4711.67
eca-miR-1271a,0,0,0,0,0,0,0,0,0,0,0,0,0,0,0,0,0,0,0,0,0,0,0,0,0,0,0,0,1192.89,0,0,0,1727.82,0,0,986.39,0,0,0,0,0,346.47,0,0,0,0,0,0,0,0,0,0
eca-miR-128,4119.95,0,1084.41,0,0,0,0,830.24,0,0,0,2993.22,0,4661.49,0,0,0,0,0,0,3027.6,0,3573.85,36.54,0,230.31,0,3778.72,0,47.22,0,862.1,0,1393.43,1017.11,0,0,1100.03,0,0,20.62,0,0,62.5,0,6203.82,0,492.69,37.93,10670.8,0,0
eca-miR-1296,0,0,0,0,0,0,0,0,0,0,0,0,0,0,0,0,0,0,0,0,0,0,0,0,2801.81,0,0,0,0,0,0,0,0,0,0,0,2803.2,0,0,0,0,0,0,0,0,0,0,0,0,0,0,20.85
eca-miR-1307,1419.09,2729.5,48.56,0,3759.21,0,3172.95,0,0,0,165.83,4269.74,0,0,0,88.18,0,3021.76,0,8068.72,0,5687.29,0,5772.53,0,0,0,0,1574.62,0,1083.65,556.2,1818.76,5573.71,0,1173.68,0,850.38,5508.03,0,0,8859.63,8519.5,0,2941.26,0,0,0,0,0,0,2272.44
eca-miR-130a,112.36,0,0,0,859.95,4830.17,0,0,0,0,0,3213.31,7460.94,0,3045.07,1587.16,19.85,0,6053.05,0,0,0,0,5114.9,0,0,625.5,1912.31,1025.89,0,1051.3,347.62,3182.83,0,8164.74,0,0,0,6384.31,0,0,49.5,1893.22,0,56.02,0,7028.04,0,11264.51,0,0,0
eca-miR-130b,0,0,0,0,0,0,23.68,18.87,0,0,0,0,0,0,0,0,0,6941.89,0,0,0,0,918.42,0,0,0,0,0,0,0,0,0,0,0,0,0,0,85.82,0,0,0,0,0,0,0,0,0,0,0,0,0,0
eca-miR-132,0,55.7,0,0,0,0,0,0,0,0,0,0,0,6807.25,0,88.18,0,0,0,0,0,0,0,0,0,0,0,0,0,1180.58,0,0,0,0,0,0,0,0,0,0,0,0,0,0,0,0,0,0,0,0,0,0
eca-miR-133a,1843.57,0,0,0,24.57,0,0,2283.15,0,0,0,1056.43,0,0,0,0,0,7309.4,0,0,1171.97,0,0,0,0,0,0,0,1240.61,0,0,0,0,0,0,0,0,741.16,0,0,0,0,6673.61,0,3193.37,0,0,0,0,0,0,0
eca-miR-134,0,0,0,0,0,0,0,0,0,0,0,0,0,0,0,0,0,0,0,0,0,0,0,36.54,0,0,0,0,0,0,0,0,0,0,0,0,0,0,0,0,0,0,0,0,0,0,0,0,0,0,0,0
eca-miR-136,0,0,16.19,0,0,0,0,0,0,0,0,0,0,0,0,0,0,0,0,0,0,0,0,0,0,0,0,0,0,0,0,0,0,0,0,0,0,0,0,0,0,0,0,0,0,0,0,0,0,0,0,0
eca-miR-1379,0,0,0,0,0,0,0,0,0,0,0,0,0,0,0,0,0,0,0,0,0,0,678.83,0,0,0,0,0,0,0,808.7,0,0,0,0,0,0,1224.86,3922.39,0,0,0,0,0,0,0,0,1149.61,0,0,0,0
eca-miR-138,482.74,0,0,0,0,0,0,18.87,0,0,41.46,0,0,0,0,0,0,0,0,0,0,0,0,0,0,0,0,0,0,0,0,0,0,0,1741.63,0,0,0,0,0,0,0,0,0,0,0,0,0,0,0,16.37,0
eca-miR-1388,449.45,0,6085.62,0,0,5720.52,0,0,0,2416.82,0,0,26,0,87,0,0,0,0,0,0,0,0,7672.35,0,0,1530.48,0,1192.89,7366.83,0,0,5138,0,0,824.07,0,1778.78,0,0,1525.71,0,0,0,0,0,23.19,520.06,0,0,0,20.85
eca-miR-139-5p,441.13,0,0,0,0,0,0,0,0,0,0,0,0,0,0,0,0,0,0,0,0,2288.67,0,0,0,0,0,0,1121.32,0,0,0,3637.52,0,0,0,0,0,0,0,0,0,0,0,0,0,0,0,0,0,0,0
eca-miR-140-3p,5788.74,891.27,32.37,0,2850.12,2737.84,3599.17,0,3402.58,23.46,0,0,0,0,87,0,0,0,0,0,5287.83,0,1737.01,0,2064.49,0,13.31,0,0,0,0,1724.21,0,2322.38,0,2135.1,0,670.94,7552.68,0,0,0,4449.07,3812.5,0,0,0,0,0,0,16.37,0
eca-miR-140-5p,220.56,0,0,0,0,0,1468.08,2000.11,0,0,0,0,0,0,0,0,0,0,0,40.14,1255.69,0,0,0,0,0,0,0,0,0,0,0,0,1857.9,0,0,4740.7,0,0,0,0,0,0,0,0,0,1809.2,930.64,0,1699.58,0,0
eca-miR-141,0,55.7,0,0,4275.18,0,0,18.87,0,0,0,1452.59,1949.72,7251.2,2697.06,0,0,0,0,0,0,1885.94,0,0,4276.45,0,0,0,0,0,16.17,0,0,0,2758.74,0,3751.34,858.18,0,0,0,49.5,0,0,0,0,3316.86,656.92,0,0,0,0
eca-miR-142-3p,732.44,0,0,0,0,0,0,0,0,0,0,0,1143.84,0,0,0,0,0,0,0,0,0,0,0,0,0,0,0,0,0,0,0,0,0,0,0,0,0,0,0,0,0,0,2562.5,0,2091.18,0,0,0,0,0,0
eca-miR-142-5p,4.16,1559.71,2848.59,1588.74,5749.39,0,3386.06,490.59,1299.48,0,0,2509.02,3977.44,0,0,88.18,1409.01,0,578.6,2850.15,1395.21,2121.68,0,0,0,0,13.31,3656.34,0,0,0,1918.88,2614.47,722.52,7008.3,1023.85,2349.74,2980.23,3004.38,35.57,2824.63,0,2129.88,0,0,4252.06,3432.84,629.55,4247.9,2839.81,16.37,20.85
eca-miR-143,2455.33,2339.57,2751.48,4886.88,4864.86,9415.48,3646.52,2056.72,0,2322.96,41.46,1188.48,0,73.99,8178.18,2557.09,2004.37,6901.06,4139.22,0,4980.89,2897.67,1038.21,5041.83,0,0,6081.98,2202.98,1956.34,10766.91,1973.22,0,0,0,10686.62,0,1978.73,4127.07,8178.59,3343.89,4927.63,0,94.66,4062.5,2969.27,13244.11,5450.79,0,0,5572.05,6906.6,0
eca-miR-144,2047.49,0,0,20.11,4717.44,0,0,0,0,0,0,0,0,0,0,0,0,0,0,5499.58,0,0,0,0,0,7139.57,0,0,7944.65,47.22,0,0,0,3216.93,1476.9,12.49,4617.03,0,0,0,0,0,0,1875,2465.06,0,0,0,0,0,16.37,0
eca-miR-145,2921.42,0,2751.48,0,0,0,0,2905.82,0,5467.17,953.53,2861.17,0,0,0,0,5080.37,0,0,5218.58,0,0,0,109.61,0,0,0,6670.13,23.86,3541.75,1504.17,681.34,0,0,0,649.27,41.22,0,0,0,2989.57,0,0,0,0,0,0,2052.88,0,43.03,0,20.85
eca-miR-1468,237.21,1671.12,1828.92,0,0,0,0,0,0,0,0,0,0,0,0,0,0,0,0,0,0,0,0,0,0,0,0,0,0,0,0,0,0,0,0,0,0,0,0,0,0,0,0,62.5,0,0,0,875.9,0,0,0,0
eca-miR-146a,1714.57,5626.11,2282.11,7481.15,7076.17,9704.85,8453.31,6283.37,3214.5,3707.35,3814.1,968.4,6317.1,9174.99,174,0,2262.35,12168.73,5474.45,4134.72,4869.27,9.82,0,4968.76,8454.58,230.31,8650.52,3885.81,5463.44,47.22,12502.43,8899.15,45.47,12196.8,0,6342.86,7214.11,5546.97,41.73,3806.34,2206.09,23163.73,9655.43,16062.5,5994.57,8364.7,2180.32,4543.71,9974.97,0,9508.85,6379.52
eca-miR-146b-5p,1019.58,13257.58,5405.84,6294.62,3980.34,4919.2,2557.3,8264.62,9113.45,23.46,41.46,11400.65,3535.5,8065.11,5046.11,8376.69,5179.6,0,0,2930.43,4283.28,11777.3,16831.05,4055.39,1376.33,230.31,9968.06,8857.82,2075.63,6800.15,5677.04,7967.52,4410.49,5556.51,2020.29,16269.2,7337.79,9455.6,41.73,3948.63,8948.08,0,1703.9,2312.5,2857.22,21957.34,9069.19,5118.52,8912.99,1807.15,0,2397.53
eca-miR-148a,15193.89,15095.81,13886.87,20854.7,9434.89,3205.27,6677.4,9642.06,9780.29,9197.99,16873.26,18003.35,7200.98,19755.83,3654.08,12609.12,26910.1,14210.46,15132.63,8389.87,16128.58,5844.45,15972.53,4128.46,22463.63,8291.11,22624.43,3258.57,15125.85,6847.37,20573.2,9705.63,10253.26,16308.27,9892.44,19190.91,14222.11,13707.5,17734.2,12913.09,13174.71,25737.48,22671.34,21125,4089.75,15474.7,12107.72,12673.13,2123.95,2689.21,10196.23,23662.59
eca-miR-148b-3p,416.16,1169.79,16.19,3157.37,0,0,0,0,0,0,0,0,0,6067.33,5220.11,3527.03,19.85,0,0,0,0,0,1557.32,0,0,0,0,0,0,2030.6,1099.83,0,0,0,0,0,0,0,3463.38,0,0,0,0,2062.5,0,0,0,821.15,37.93,0,0,0
eca-miR-148b-5p,0,0,0,0,0,0,0,0,0,0,0,0,0,0,0,0,0,0,0,0,0,0,0,0,0,0,0,0,0,0,0,0,0,0,0,0,2885.65,0,0,0,0,0,0,0,0,0,0,0,0,0,0,0
eca-miR-149,2293.02,0,0,0,0,0,0,1037.79,0,23.46,0,0,0,0,0,0,0,0,0,0,3306.64,0,0,0,0,0,0,0,0,0,16.17,2530.7,0,3216.93,0,12.49,0,0,0,0,0,0,0,0,0,0,0,903.27,0,0,16.37,0
eca-miR-150,14844.32,0,0,0,3587.22,5408.89,0,3679.45,17.1,0,41.46,0,6265.11,0,0,0,0,0,0,6141.87,2734.6,0,0,36.54,5603.62,0,0,0,0,0,3622.95,2697.55,45.47,0,1713.76,0,11501.36,0,8470.69,35.57,0,0,3881.11,0,0,0,0,82.12,37.93,0,16.37,4920.15
eca-miR-151-5p,0,0,1650.89,20.11,0,2760.09,473.57,1094.4,2958.02,5701.82,0,2861.17,0,0,3741.08,0,0,5308.51,0,3251.58,0,1758.25,4871.62,36.54,3932.36,0,4791.06,3916.41,715.73,47.22,4544.87,1209.73,3478.38,0,0,3533.52,2349.74,1123.44,0,1956.53,2597.83,4553.55,3360.47,0,0,0,0,629.55,0,0,0,2147.35
eca-miR-155,8.32,0,0,0,2358.72,0,0,0,0,23.46,2114.34,0,0,0,0,0,0,0,0,3091,13.95,2691.39,1856.81,0,0,0,0,0,0,0,0,1015.06,3091.89,1771.89,0,0,0,2512.13,0,0,2680.3,0,0,0,0,0,0,739.04,0,0,7283.02,0
eca-miR-15a,412,0,0,0,0,5141.79,0,0,0,0,0,0,0,0,0,0,1825.76,0,0,80.29,1771.91,0,0,0,0,0,0,6348.87,0,47.22,2959.82,1946.69,0,0,2814.47,973.9,0,0,0,0,0,0,0,0,0,5297.64,0,0,0,0,0,4169.62
eca-miR-15b,915.55,55.7,0,0,0,0,0,0,0,0,0,0,0,0,0,0,0,0,0,0,0,1984.17,0,0,0,0,0,0,0,0,0,0,0,0,0,0,41.22,0,0,0,0,0,47.33,0,0,0,0,0,0,0,0,0
eca-miR-16,55303.09,2116.76,13627.9,11865.26,29557.74,14646.31,10726.46,10547.77,14448.15,15298.7,9618.18,5106.08,21758.91,517.94,5916.13,88.18,38479.86,34913.63,11260.46,30468.47,24109.16,6551.68,4711.9,16696.5,5308.69,58498.39,12816.08,38949.91,4866.99,16103.14,18502.94,11165.65,11844.68,9685.19,13556.82,8890,33267.38,1326.28,29417.9,6438.76,6226.55,44842.61,17512.31,16312.5,27031.57,24954.69,6865.68,12207.81,41568.69,55397.79,66103.66,27582.04
eca-miR-181a,16051.17,12644.83,28712.47,23569.63,18992.63,13511.11,18445.73,13887.58,15405.66,19569.2,14510.18,40892.68,22096.86,23603.4,25491.56,6172.3,2897.4,32586.06,26304.08,7185.58,31754.89,13840.05,8066.13,44280.44,5112.07,13127.59,11125.9,16430.56,15984.73,14450.32,14313.9,10386.97,11253.58,13263.38,13821.55,9601.7,15623.71,21844.62,11600.25,16648.29,14432.39,4207.09,19026.88,22187.5,12689.43,10177.05,8095.01,17709.53,16308.88,2818.3,19606.88,24121.25
eca-miR-181b,4128.28,3899.29,1132.96,4846.66,1474.2,0,4830.46,5038.02,2188.6,6710.78,7255.09,7923.23,2599.63,221.98,3306.07,88.18,5596.35,11515.37,8411.96,0,7506.21,9.82,0,1972.89,7815.57,230.31,9249.4,5400.36,1455.33,0,679.3,3392.8,4569.64,1875.11,0,4257.71,0,0,6592.95,2952.58,5154.43,15788.95,0,2812.5,1512.65,0,4175.07,1122.24,4172.04,7314.66,16.37,3627.57
eca-miR-182,749.08,779.86,0,20.11,2506.14,0,0,0,598.44,0,0,1672.68,1507.79,73.99,0,0,0,81.67,756.63,0,13.95,2347.6,0,0,0,0,0,0,477.16,0,2587.82,611.82,0,0,404.06,561.87,8409.6,507.11,0,3166.02,948.41,5840.43,0,0,0,2091.18,997.38,0,8306.15,0,7413.95,0
eca-miR-183,0,0,0,0,0,0,0,0,0,0,0,0,0,0,0,0,0,0,0,0,0,0,0,0,0,0,0,1591.04,0,1511.14,0,0,500.16,0,0,0,0,0,0,0,0,0,0,0,0,0,742.24,0,0,0,0,0
eca-miR-1839,0,0,0,1769.73,1375.92,2671.06,0,0,0,0,0,0,0,0,0,0,0,0,0,0,0,9.82,0,0,49.15,0,0,0,0,0,2232,0,0,1720.28,0,0,2102.4,0,0,0,0,0,0,0,0,0,0,1040.13,0,0,0,2585.16
eca-miR-184,0,0,0,0,0,0,5469.79,0,0,0,2570.37,0,0,0,0,0,0,0,0,0,0,0,19.97,0,0,0,0,1438.06,0,3730.64,4221.39,625.72,0,0,3427.52,0,0,499.31,0,0,0,0,0,0,0,0,0,0,0,0,16.37,0
eca-miR-185,0,0,0,0,0,0,0,0,0,0,0,0,0,0,0,0,0,0,0,0,599.94,0,0,0,0,0,0,0,0,0,0,0,0,0,0,0,0,0,0,0,0,0,0,0,0,0,0,0,0,0,0,0
eca-miR-186,2546.88,3565.06,6749.21,1106.08,5798.53,2938.16,5138.28,11830.86,6856.46,0,7669.67,2509.02,6655.05,14280.43,3045.07,7142.23,8533.44,7186.9,2225.39,80.29,4311.19,7671.45,9343.93,2995.87,2310.26,8751.73,10367.31,3717.53,6847.19,5902.91,6437.21,5103.1,2773.61,8274.56,3023.46,11199.9,13686.21,8254.15,6467.77,5798.44,7896.58,98.99,11690.65,7437.5,4790.05,69.71,7352.77,5638.58,13691.88,3184.03,16.37,2418.38
eca-miR-188-5p,0,0,0,0,0,0,0,0,0,0,0,0,0,0,0,0,0,0,2536.94,0,0,0,0,0,0,0,0,0,0,0,0,0,0,0,0,0,0,0,0,0,0,0,0,0,0,0,0,0,0,0,0,0
eca-miR-191a,25439.67,2005.35,11863.72,40.22,18796.07,8725.46,7553.51,8774.08,11079.76,0,8374.45,3169.29,51.99,11838.7,17052.38,2821.62,15757.09,6492.71,3249.07,14652.16,11133.74,11217.41,4652,8695.33,7422.34,460.62,7918.55,9974.6,13455.8,0,3509.74,3045.18,8025.28,11680.72,6102.66,10438.26,14551.9,7434.97,41.73,11312.3,9339.82,17818.25,4212.42,22750,17423.46,8852.64,3386.45,13576.39,13540.17,14715.37,14713.34,17199.68
eca-miR-192,2859,0,2751.48,0,3636.36,0,0,0,0,23.46,2404.54,44.02,3769.46,0,0,0,4881.92,7227.73,0,0,0,0,0,36.54,0,230.31,0,0,334.01,47.22,0,0,0,0,626.99,2035.21,1607.72,0,3505.11,0,3628.72,0,0,0,0,0,0,0,37.93,0,0,0
eca-miR-193a-3p,0,0,0,0,0,0,23.68,0,0,0,0,0,0,0,0,88.18,0,0,0,0,0,0,0,0,0,0,0,0,0,0,0,0,0,0,0,0,0,0,0,0,0,0,0,0,0,0,0,0,0,0,0,0
eca-miR-193a-5p,278.83,0,0,0,0,0,0,0,0,0,41.46,0,0,0,0,0,0,0,0,0,0,0,0,0,0,0,0,0,0,0,0,0,0,0,0,1123.74,0,0,0,0,0,0,0,0,0,0,0,0,0,0,0,0
eca-miR-193b,1177.72,0,1343.37,0,0,0,0,2547.31,0,0,0,0,0,0,0,0,0,0,0,0,0,0,0,0,2310.26,0,0,0,23.86,0,0,0,22.73,0,0,0,0,0,0,0,0,0,0,0,0,0,0,0,0,0,0,0
eca-miR-194,0,0,0,0,0,0,0,0,0,0,0,0,0,0,0,0,0,0,5340.93,0,0,0,0,0,0,0,0,0,0,0,0,0,0,0,0,0,0,0,0,0,0,0,0,0,0,0,0,0,0,0,0,0
eca-miR-195,216.4,0,0,0,0,0,2107.41,0,0,0,0,0,0,0,0,0,0,0,0,0,0,0,0,0,0,0,0,0,524.87,0,0,0,0,0,0,0,0,0,0,0,0,0,0,0,0,0,0,602.18,0,0,0,0
eca-miR-196a,0,0,32.37,0,0,0,0,18.87,0,0,0,88.04,0,147.98,2436.05,0,19.85,0,0,0,0,0,0,2630.52,0,0,0,0,0,5052.89,0,0,0,0,0,0,0,0,0,0,0,0,0,0,0,0,0,0,0,0,0,5086.94
eca-miR-196b,0,0,0,3117.14,1818.18,0,4096.42,0,0,0,2072.88,3389.38,3431.51,0,3306.07,0,1151.02,0,44.51,0,0,9.82,798.63,0,0,0,0,0,0,12325.27,0,0,0,0,0,0,0,0,0,1316.21,3834.89,0,0,0,2521.08,69.71,4151.88,0,0,0,0,1230.04
eca-miR-199a-3p,5339.29,75479.06,45674.52,32679.74,28746.93,57806.17,60570.18,57550.43,111293.49,46435.78,75826.04,31516.86,28102.01,48834.63,13833.3,95582.4,43421.31,48266.57,32802.21,46726.35,28238.97,87234.54,83775.91,29410.69,61443.18,17733.76,64146.93,42728.64,51819.16,33292.41,68836.13,77964.88,32828.63,75726.82,35111.19,101186.17,37307.28,66899.16,72814.52,74988.44,55523.48,44743.62,41272.25,35062.5,58825.18,52070.26,81066.04,84660.86,34703.79,22976.64,163.66,54726.26
eca-miR-199a-5p,320.44,779.86,32.37,0,0,0,2202.12,2245.41,889.12,6569.99,41.46,1408.57,0,0,0,264.53,0,0,0,0,1953.29,9.82,2335.98,109.61,49.15,0,2808.09,15.3,2552.79,1275.03,679.3,13.9,6024.64,0,3204.59,124.86,0,7.8,5800.13,0,0,0,0,11937.5,0,0,0,0,0,5335.4,0,2334.99
eca-miR-199b-3p,5339.29,75479.06,45674.52,32679.74,28746.93,57806.17,60570.18,57550.43,111293.49,46435.78,75826.04,31516.86,28102.01,48834.63,13833.3,95582.4,43421.31,48266.57,32802.21,46726.35,28238.97,87234.54,83775.91,29410.69,61443.18,17733.76,64146.93,42728.64,51819.16,33292.41,68836.13,77964.88,32828.63,75726.82,35111.19,101186.17,37307.28,66899.16,72814.52,74988.44,55523.48,44743.62,41272.25,35062.5,58825.18,52070.26,81066.04,84660.86,30797.24,22976.64,163.66,54726.26
eca-miR-199b-5p,0,0,2265.92,1186.53,0,0,47.36,1396.31,3180.3,0,1160.81,44.02,1767.75,0,0,0,0,0,0,2127.57,13.95,9.82,2216.19,0,49.15,0,2581.85,0,0,2927.84,16.17,2224.79,0,1599.86,1741.63,1460.86,0,3705.78,0,3699.62,1505.09,49.5,47.33,2500,3081.32,0,3757.57,1176.99,3489.34,6862.87,0,0
eca-miR-19a,10907.47,55.7,2379.22,1488.19,7764.13,2381.69,0,0,0,0,82.92,0,0,0,87,176.35,2182.97,0,44.51,6703.87,9557.16,9.82,0,0,0,23952.1,13.31,0,0,2975.07,3655.3,1835.45,0,0,0,12.49,0,0,0,0,0,17422.29,0,62.5,4874.09,0,1461.28,27.37,0,0,3780.63,2460.08
eca-miR-19b,56260.25,167.11,1327.18,5429.86,16904.18,15937.32,47.36,7075.87,4992.73,5725.28,2404.54,3917.6,2521.64,73.99,11919.26,0,4485.02,6737.72,9346.63,15455.02,24402.15,2465.47,5810.01,15636.99,14451.44,33164.44,39.93,11825.72,71.57,9869.66,5224.17,6646.55,12663.12,3285.74,7342.7,0,5235.39,3003.64,24702.69,106.72,7834.73,0,4117.76,11500,11176.78,0,46.39,5446.98,10088.75,15210.19,12733.02,10048.78
eca-miR-200a,0,0,0,0,4127.76,0,0,735.89,0,0,0,0,2183.69,0,0,0,0,0,0,0,0,0,0,0,2506.88,0,0,0,0,0,0,0,0,0,0,0,0,702.15,0,0,0,0,0,0,0,0,23.19,0,0,0,0,0
eca-miR-200b,0,0,0,0,0,0,0,0,0,0,0,0,0,0,0,0,0,0,0,0,0,0,0,0,0,0,0,0,0,0,0,0,0,0,0,0,0,0,0,0,0,0,0,0,0,0,208.75,492.69,0,0,0,0
eca-miR-200c,0,0,1230.07,0,1449.63,0,0,0,1213.99,0,0,0,0,0,0,88.18,0,0,0,0,0,0,19.97,0,147.46,0,0,0,0,0,0,0,0,0,0,0,41.22,70.21,0,0,0,0,0,2312.5,0,0,0,1067.5,0,0,0,0
eca-miR-204b,0,0,0,0,0,0,0,0,0,0,0,0,2469.65,0,0,0,0,0,0,0,0,0,0,0,0,0,0,0,0,0,0,0,0,0,1393.3,0,0,0,0,0,0,49.5,0,2937.5,0,0,0,27.37,0,0,0,0
eca-miR-205,0,0,0,0,1523.34,0,0,0,0,0,0,0,233.97,0,3132.07,0,0,0,0,0,0,0,0,986.45,0,0,0,0,0,0,0,723.06,1886.96,0,4124.17,0,0,0,0,0,0,0,0,0,0,0,603.07,0,0,0,0,0
eca-miR-206,0,0,0,0,0,0,0,0,0,0,0,0,0,0,0,0,0,0,0,0,0,0,0,0,0,0,0,0,0,0,0,0,0,0,0,0,0,0,0,0,0,0,0,0,2829.21,0,0,0,0,0,0,0
eca-miR-20a,237.21,0,0,1870.29,0,0,0,0,0,0,0,0,0,0,0,0,0,0,0,0,0,0,0,0,0,0,1597.02,4023.5,0,0,0,0,0,0,0,0,0,0,0,0,0,0,0,4687.5,0,69.71,0,0,0,0,0,0
eca-miR-21,47770.65,44340.46,78449.46,93675.21,97911.55,51885.32,76245.5,64267.79,30349.66,49063.78,37104.6,96531.38,97902.1,28486.87,119192.62,47879.38,60289.74,65866.31,120571.48,45562.2,74141.25,60664.4,50712.77,97256.22,75108.14,94196.22,22291.72,82795.34,49337.95,90574.23,58064.31,39740.26,72136.59,54137.28,100415.2,30965.16,46129.11,28171.76,76486.54,15581.09,99501.05,47861.81,33320.71,73250,66584.5,36037.92,40057.52,56769.04,89623,121487.89,71389.99,18200.39
eca-miR-211,0,0,1197.7,0,0,0,0,1113.27,0,0,0,0,0,0,0,0,0,0,2848.5,0,0,0,0,0,0,0,0,0,0,0,0,0,0,0,0,0,0,0,0,0,0,8562.66,3691.78,0,0,0,0,0,0,1527.47,0,0
eca-miR-214,1106.98,0,0,0,0,0,0,0,0,7438.17,41.46,44.02,0,0,0,0,0,0,0,0,0,0,1896.74,0,2359.42,0,0,0,23.86,0,0,0,2137.04,1720.28,0,0,3875.01,0,4339.66,0,0,0,0,0,0,0,0,0,0,0,0,0
eca-miR-215,26334.41,0,0,0,2653.56,0,0,4132.31,0,23.46,0,0,0,0,87,0,6866.44,0,0,6663.72,13087.03,29.47,19.97,0,8307.12,230.31,13.31,3671.63,23.86,47.22,1924.69,556.2,0,3354.55,27.87,2035.21,8656.94,7.8,6759.86,35.57,0,15739.46,141.99,0,4341.86,5227.94,1461.28,0,0,17060.37,7495.79,20.85
eca-miR-216a,187.27,0,0,0,0,0,0,0,0,0,0,0,0,0,0,0,0,0,0,0,27.9,0,0,0,0,0,0,0,0,0,0,0,0,0,0,0,0,0,0,0,0,0,0,0,0,0,0,0,0,0,0,0
eca-miR-218,0,0,0,0,0,0,0,0,0,0,0,836.34,0,0,0,0,0,0,0,0,0,0,0,0,0,0,0,0,0,0,0,0,0,0,0,0,0,0,0,0,0,0,3975.77,0,0,0,1762.81,0,0,0,0,0
eca-miR-22,12051.9,12143.49,23355.18,26827.55,22137.59,26621.56,29124.83,12736.57,13405.15,12342.2,14966.21,15934.5,15311.83,9618.94,34887.77,45939.51,23754.71,21887.38,11794.55,17221.31,20481.63,25126.22,25456.22,17390.67,17695.64,10133.58,16156.51,6914.91,22354.77,18228.18,16060.68,24778.56,26303.82,22776.54,25093.35,20988.89,22466.82,22991.46,19904.03,23656.22,26431.9,37319.34,29912.91,21500,30897.22,29276.45,34421.17,23348.11,41682.47,15102.62,24009.43,33878.16
eca-miR-221,11194.62,11363.64,13886.87,35796.88,39115.48,7990.92,23181.47,34247.22,5215.01,5373.32,44981.55,46791.09,29037.88,2219.76,52027.14,7759.46,8950.19,40507.98,68897.99,11641.44,12291.77,20155.98,18528.13,34744.8,22217.85,23721.79,13241.95,19551.45,27364.91,84340.76,17403.12,10845.84,37784.75,13160.16,33494.96,1460.86,14922.91,9650.64,9013.14,9355.77,32885.24,49.5,15240.44,32500,14874.37,15404.99,13267.46,10620.24,25942.5,1936.23,45580.27,16178.13
eca-miR-222,2567.69,2116.76,10552.72,12267.47,8746.93,8925.79,331.5,12264.85,5488.59,0,14219.97,15362.27,4055.42,443.95,2610.06,6965.88,11748.36,7513.58,4272.74,7346.15,4827.41,2573.52,6588.67,11764.28,0,9212.34,10327.39,3365.66,6608.61,6941.82,5677.04,6354.55,8934.66,5694.13,14852.59,6043.2,11996.04,9822.28,28416.44,9889.37,6659.52,98.99,3739.11,17437.5,6330.71,8434.41,1646.84,2381.34,11757.57,12391.89,13813.19,11174.58
eca-miR-223,3732.93,0,6490.25,2413.27,3218.67,3049.46,1610.15,3377.55,837.82,0,0,0,5953.15,0,7830.17,0,3869.82,0,1824.82,3492.43,0,0,0,4164.99,4620.53,0,0,5798.12,0,8547.41,3348,1501.73,181.88,2666.44,0,12.49,3751.34,1318.48,0,0,4927.63,16184.91,0,812.5,0,0,0,27.37,37.93,21.51,0,8214.15
eca-miR-224,607.59,0,16.19,0,3464.37,4919.2,47.36,0,0,0,0,44.02,0,73.99,0,0,0,0,0,0,0,9.82,0,0,0,0,0,3564.54,2051.77,0,0,1209.73,0,0,0,0,0,0,0,0,2742.15,0,0,4812.5,0,0,0,0,0,0,16.37,0
eca-miR-23a,23554.48,6851.6,20490.41,17717.45,15823.1,7612.52,22447.43,13472.46,5779.26,2440.28,5804.07,29976.23,25008.45,443.95,24969.55,7318.58,14010.72,81.67,33959.41,2649.43,16658.76,29.47,14375.27,16586.9,19317.73,19806.54,13321.8,18266.38,16199.45,32111.82,12825.9,11735.75,21916.06,10700.15,48263.95,2085.15,17437.55,6350.54,11641.98,5727.3,22720.71,4058.6,15287.77,1875,10252.39,11571.17,37042.19,6049.16,7016.61,14564.78,17528.35,8443.48
eca-miR-23b,2317.99,6684.49,12203.61,5289.09,24.57,3227.53,18090.55,3943.62,2769.94,2416.82,4601.8,22008.98,26490.24,0,9657.21,7142.23,39.69,0,19182.84,80.29,3990.29,19.65,2835.12,18267.51,12485.25,19345.92,3473.52,5660.44,8636.53,9019.64,5838.78,9997.64,2387.12,1290.21,44042.24,1098.76,7420.23,5094.48,15939.91,3664.05,6370.87,3959.61,1088.6,62.5,5266.25,6970.58,35859.25,6815.57,37.93,6303.52,17528.35,0
eca-miR-24,8718.49,2339.57,3447.44,6797.39,5798.53,9771.62,10963.25,6906.05,10737.8,13609.27,2363.09,5194.12,12192.27,0,9918.22,14548.98,2361.58,6860.22,8901.55,19308.74,12249.91,4891.66,7686.78,2119.03,11108.93,12206.36,3606.6,6777.22,4556.84,5194.56,7229.73,2780.98,8093.48,8291.76,2577.61,3458.61,3710.12,951.8,0,6403.19,7649.17,49.5,0,8375,5686.43,15335.29,13197.88,8348.39,19874.08,4582.42,11014.55,9819.46
eca-miR-25,77496.73,1615.42,7736.51,8969.33,48869.78,66.78,5138.28,31360.27,3659.06,33413.11,5430.95,2773.13,17781.48,147.98,25926.57,88.18,24012.7,81.67,24968.84,33679.9,28950.53,933.15,9304,5809.07,13124.26,16351.91,3367.05,22274.58,1860.91,8972.42,14588.86,14141.3,5638.16,12540.86,5921.53,6804.84,9151.62,2871.01,25871.06,6225.32,4783.31,85527.62,16329.04,4750,8823.78,13522.93,7654.3,8649.48,75.86,33174.13,68787.74,20347.75
eca-miR-26a,12592.91,130737.52,111807.07,88949.22,65086,148310.56,106128.05,95080.85,130973.75,57581.3,93652.83,91381.28,84669.98,122604.51,61162.35,84295.92,130779.92,88121.2,77710.52,109630.28,58194.05,120601.93,117877.25,73398.85,103568.62,123906.03,97085.44,80928.92,140737.21,79712.88,117066.7,136963.44,107897.97,144486.5,94033.89,113534.77,159864.79,153552.09,107364.91,112340.36,51441.18,89437.74,121071.56,102312.5,107846.16,107486.41,141882.96,144002.85,89395.43,55096.6,47658.79,100863.11
eca-miR-27a,4307.22,389.93,5098.32,3479.14,4275.18,0,1941.66,3302.07,0,2322.96,2694.75,88.04,1325.81,0,16791.37,264.53,0,6533.55,5029.38,2127.57,2636.94,9.82,1078.15,4530.34,49.15,16121.6,6853.87,1575.74,3053.8,850.02,4075.82,6660.46,1955.17,0,2438.28,2210.01,0,1474.51,6801.59,35.57,5175.04,0,10649.38,3000,0,3973.23,5984.27,1259.1,37.93,2022.29,1833.03,2439.23
eca-miR-27b,10799.27,2228.16,12155.05,6515.84,3955.77,66.78,8382.27,6585.28,5215.01,9244.92,5348.04,2509.02,13362.1,73.99,17226.38,264.53,6548.92,12495.41,3961.19,9835.01,5929.63,7494.65,6668.53,22432.5,10125.84,0,2475.38,4375.36,11833.47,4816.77,5774.08,5575.87,0,3148.12,10171.1,2884.26,2679.53,7200.92,4464.84,1885.38,15339.57,6879.83,0,5312.5,2549.09,3206.47,4360.63,1478.08,9178.49,7379.2,8134.07,8255.85
eca-miR-28-3p,2114.08,19942.07,8675.24,7380.59,0,4095.62,12857.55,8679.74,10925.88,8564.46,3979.93,6294.57,11256.4,8287.09,2088.05,11903.71,4008.73,0,5563.47,4174.86,11942.96,12130.92,5730.14,4749.55,6685.02,8751.73,6042.05,5155.59,8708.1,9633.55,8022.26,8495.91,5501.75,1118.18,4779.02,11287.3,11831.15,11351.4,0,11988.19,4041.07,49.5,4733.06,15125,10112.33,4600.59,8582.1,6049.16,12781.61,3313.11,3649.69,5441.35
eca-miR-28-5p,145.65,1838.24,1068.22,1488.19,0,0,402.54,0,0,0,1492.48,1364.56,0,0,0,0,0,0,0,0,0,0,0,0,1228.86,0,0,0,882.74,0,0,1237.54,0,0,0,0,0,670.94,0,0,1319.53,0,0,0,0,0,1971.56,1724.42,0,0,0,2001.42
eca-miR-296,216.4,0,0,0,0,0,0,0,0,0,0,0,0,0,0,0,0,0,0,0,0,0,0,0,0,0,0,0,0,0,0,0,0,0,0,0,0,0,0,0,0,0,0,0,0,0,0,0,0,0,16.37,0
eca-miR-29a,5809.55,167.11,1974.59,3016.59,3587.22,0,3457.09,7207.96,17.1,23.46,290.2,5678.32,6993.01,591.93,2697.06,176.35,13633.66,40.83,7343.78,40.14,8413.09,0,3474.02,6247.49,1818.72,0,4990.68,11366.77,1359.9,14261.43,6825.39,4838.91,17278.22,1634.27,1727.69,12.49,3792.56,4415.73,0,0,1587.56,0,7336.24,0,3305.41,0,46.39,6186.02,0,22567.88,0,0
eca-miR-29b,0,0,0,0,0,0,0,0,0,0,0,0,0,0,0,0,0,0,0,0,0,0,0,0,0,0,0,0,0,0,0,0,0,0,0,0,0,0,0,0,0,0,0,0,0,0,0,0,3072.14,0,0,0
eca-miR-29c,3828.64,0,2185,20.11,0,0,23.68,18.87,0,0,2653.29,88.04,26,147.98,0,0,0,0,44.51,0,1158.02,0,0,0,0,0,0,2417.16,2099.49,0,0,0,0,0,3148.86,0,0,0,0,35.57,20.62,0,473.31,4437.5,0,1672.94,0,0,0,21.51,6808.4,0
eca-miR-301a,41.62,0,16.19,0,0,0,0,0,0,0,0,44.02,0,0,0,0,0,0,0,0,0,0,0,0,0,0,0,0,0,0,0,0,0,0,0,0,0,0,0,0,0,0,0,0,0,0,0,0,0,0,0,0
eca-miR-30b,0,0,0,0,0,0,0,0,0,0,0,0,0,0,0,0,0,0,0,0,0,1168.89,0,2667.06,0,0,0,0,1192.89,0,0,0,0,0,0,0,0,0,0,1458.5,0,0,0,0,0,0,0,0,0,0,0,0
eca-miR-30c,291.31,0,987.29,0,0,0,0,0,3470.98,23.46,0,0,0,0,0,0,0,0,0,0,0,0,419.28,0,49.15,230.31,1636.94,0,739.59,3730.64,2086.43,1265.35,0,2201.96,2117.82,2696.97,1154.26,0,4256.21,35.57,0,0,0,0,0,2370,0,1067.5,0,21.51,0,0
eca-miR-30d,3375.03,35817.74,13741.2,16309.7,7518.43,8591.91,10963.25,16642.45,13028.98,10253.88,23299.2,12104.94,3873.45,22049.57,16443.36,13402.7,14844.22,40.83,5563.47,5579.86,7589.92,6993.69,11699.88,6576.3,10863.15,25333.95,6720.79,11504.45,18227.36,11522.48,15575.47,17311.62,15141.18,8567,2131.75,13359.97,28856.46,14830.94,15731.27,13090.96,10927.38,27420.31,15382.43,6437.5,18571.95,6273.53,19460.49,15300.82,3641.05,13338.5,3584.23,11445.61
eca-miR-30e,0,9971.03,4904.1,643.54,2948.4,5164.05,3906.99,2924.69,4172.01,3402.32,1119.36,1232.5,3379.52,2663.71,4872.11,10933.78,2163.13,16619.71,10770.87,0,1562.63,1876.12,718.76,5114.9,7520.64,20267.16,3034.34,0,3077.66,7414.05,1439.48,2655.84,4137.68,3251.33,2034.22,6055.69,5194.16,2855.4,2962.65,1885.38,4762.69,0,47.33,2500,0,3485.29,7816.67,4899.55,5954.64,3011.92,0,11987.66
eca-miR-31,1739.54,167.11,210.41,5811.97,9066.34,16493.79,923.47,2981.3,4137.81,3590.03,248.75,176.07,9410.66,221.98,9396.21,8288.51,2361.58,40.83,267.05,7105.29,2371.85,0,0,14869.75,49.15,22800.55,2981.1,15.3,1765.48,5052.89,0,2127.45,3569.32,2081.54,7649.22,12.49,6554.54,967.4,41.73,35.57,5587.4,0,0,10312.5,2437.04,2788.23,3966.32,4899.55,13085.03,9207.87,5597.29,5837.47
eca-miR-323-3p,0,0,0,0,0,0,0,0,0,0,82.92,2949.2,0,0,0,0,0,0,0,0,0,0,0,0,0,0,0,0,0,0,0,0,0,0,0,0,0,0,0,0,0,0,0,0,0,0,0,0,0,0,0,0
eca-miR-324-5p,287.15,0,1537.59,0,0,0,0,2188.8,0,0,0,0,0,0,0,0,0,0,0,0,0,0,0,0,0,0,0,0,23.86,0,0,0,0,0,0,0,0,764.56,0,0,0,0,0,0,0,0,0,0,0,0,0,0
eca-miR-328,0,2339.57,16.19,0,0,0,0,0,0,0,0,0,1871.73,0,0,0,19.85,0,0,0,0,0,0,0,1523.79,0,0,0,0,0,0,389.34,0,0,0,0,3256.66,0,0,0,0,49.5,0,0,0,0,0,1122.24,2503.22,0,0,5733.23
eca-miR-330,0,0,0,0,0,0,0,0,0,0,0,0,0,0,0,0,0,0,0,0,0,0,0,0,0,0,0,0,0,0,0,723.06,0,0,0,0,0,0,0,0,0,0,0,0,0,0,0,0,0,0,0,0
eca-miR-337-5p,0,0,0,0,2751.84,0,0,0,0,0,0,0,0,0,0,0,0,0,0,0,0,0,0,0,0,0,0,0,0,0,0,0,0,0,0,0,0,0,0,0,0,0,0,0,0,0,0,0,0,0,0,0
eca-miR-338-3p,0,0,0,0,0,0,0,0,1248.18,0,0,0,0,0,0,0,2242.51,0,6142.07,0,0,0,0,0,0,0,0,0,0,5430.68,0,723.06,22.73,0,0,0,0,0,0,0,0,0,0,0,0,0,0,0,0,0,16.37,0
eca-miR-338-5p,0,0,0,0,0,0,0,0,0,0,0,0,0,0,0,0,0,0,0,0,0,0,0,0,0,0,0,0,0,0,0,0,0,0,0,0,0,0,0,1600.8,0,0,0,0,0,0,0,0,37.93,0,0,0
eca-miR-33a,0,0,0,0,0,0,0,0,0,0,0,0,0,0,0,0,0,11392.87,0,0,0,0,0,0,0,0,0,0,0,0,16.17,0,0,0,0,0,0,0,0,0,0,0,0,0,0,0,0,0,0,0,0,0
eca-miR-340-3p,0,0,16.19,0,0,0,0,0,0,0,0,0,0,0,0,2733.45,0,0,0,0,0,0,0,0,0,0,0,0,0,0,0,0,0,0,0,0,0,0,0,0,0,0,0,0,0,0,0,0,0,0,0,0
eca-miR-340-5p,778.21,1726.83,1149.15,2775.26,0,0,1468.08,2905.82,615.54,2698.39,0,1452.59,0,0,0,4232.43,0,0,0,40.14,1367.3,0,2895.02,0,0,0,0,0,0,0,129.39,2224.79,4796.98,0,0,0,2267.29,335.47,0,0,597.91,0,47.33,0,0,0,1414.89,0,0,21.51,16.37,20.85
eca-miR-342-3p,20079.57,0,32.37,0,3538.08,3294.31,0,4000.23,0,0,0,0,26,0,87,0,7164.12,40.83,0,10035.73,9961.77,29.47,3693.65,36.54,0,6448.64,13.31,2050,0,47.22,744,3656.99,4160.41,17.2,0,3483.58,10264.65,7.8,0,0,0,0,4117.76,62.5,0,9689.11,23.19,0,0,6583.19,3878.82,5128.63
eca-miR-342-5p,0,0,0,0,0,0,0,0,0,0,0,0,0,0,0,0,0,0,0,0,0,0,0,0,0,0,0,0,0,0,16.17,0,954.85,0,0,0,0,0,0,0,0,0,0,0,0,0,0,0,0,0,0,0
eca-miR-34a,0,0,0,0,0,0,0,0,0,0,0,0,0,0,0,0,0,0,0,2689.57,0,0,0,0,6193.47,0,0,0,1097.46,0,0,0,0,0,2995.6,0,0,0,0,0,20.62,0,0,0,0,0,0,0,0,0,0,0
eca-miR-34b-5p,0,0,0,0,0,0,0,0,0,0,0,0,0,0,0,0,0,0,0,0,0,0,0,0,0,0,0,0,0,0,0,0,0,0,0,0,0,0,0,0,0,0,0,0,5658.42,0,0,0,0,0,0,0
eca-miR-34c,0,0,16.19,0,0,22.26,23.68,0,0,0,0,0,0,73.99,0,0,0,0,0,0,0,0,0,2959.34,0,0,0,0,0,0,0,0,0,0,0,0,0,0,9513.87,0,0,0,0,0,0,0,0,0,3830.69,0,0,0
eca-miR-361-3p,0,1336.9,0,0,0,0,0,0,17.1,0,0,0,0,0,0,0,0,6860.22,0,0,0,0,0,0,0,0,532.34,0,0,0,0,0,0,0,0,0,0,0,0,0,1566.95,0,0,0,0,0,0,0,0,0,16.37,0
eca-miR-361-5p,986.29,0,0,0,0,3049.46,0,2679.4,0,0,0,1496.61,0,0,0,0,0,0,0,0,0,0,1237.87,0,0,0,0,0,0,0,0,0,0,0,2521.87,0,0,0,0,1636.37,0,0,0,2125,0,0,0,0,0,0,0,0
eca-miR-362-3p,0,0,0,0,0,0,0,0,0,0,0,0,0,73.99,0,0,0,0,0,0,0,0,19.97,0,0,0,0,0,0,0,0,0,3569.32,0,0,0,0,0,0,0,0,0,0,7437.5,0,0,23.19,0,0,0,0,0
eca-miR-363,4294.74,0,3075.18,0,0,0,0,622.68,17.1,12576.85,0,0,0,0,0,0,0,0,0,0,0,0,0,0,0,230.31,13.31,0,0,0,0,0,0,0,0,561.87,0,0,0,0,0,0,0,62.5,0,0,0,0,0,43.03,0,0
eca-miR-365,395.35,0,0,0,0,0,0,0,0,0,0,0,26,0,0,0,0,0,0,0,0,0,0,0,0,0,0,0,0,94.45,0,0,0,0,2285.01,911.47,0,0,0,1849.81,0,0,0,0,0,0,0,0,0,0,0,0
eca-miR-369-3p,0,0,0,0,0,0,0,0,0,0,0,0,0,0,0,0,0,0,0,0,0,0,0,36.54,0,0,0,0,0,0,0,0,0,0,3037.4,0,0,0,0,0,0,0,0,2187.5,0,0,23.19,0,0,0,0,0
eca-miR-369-5p,0,0,323.7,0,0,0,0,0,0,0,0,0,0,0,0,0,0,0,0,0,0,0,0,0,0,0,0,0,0,0,0,0,0,0,0,0,0,0,0,0,2515.36,0,0,0,0,0,0,0,0,0,0,0
eca-miR-370,0,0,0,1528.41,0,0,0,0,0,0,0,0,0,0,0,0,0,0,0,0,0,0,0,0,0,0,0,0,0,5052.89,0,0,0,0,0,0,0,0,0,0,0,0,0,0,0,0,0,0,0,0,0,0
eca-miR-374a,0,0,0,0,0,0,0,0,0,0,0,0,0,0,0,0,0,0,0,0,0,0,0,0,0,0,0,0,0,0,0,0,0,0,0,0,0,655.34,0,1422.93,0,0,0,0,0,0,0,0,0,0,0,0
eca-miR-376a,0,55.7,16.19,0,0,0,23.68,0,0,0,0,0,0,73.99,0,0,0,0,2536.94,9995.58,0,0,0,36.54,0,0,0,0,0,2361.16,776.35,0,0,0,0,0,0,7.8,0,0,0,0,47.33,0,0,0,0,0,0,0,0,0
eca-miR-376c,0,0,32.37,3499.25,0,0,0,0,0,0,41.46,88.04,3691.48,0,0,0,0,0,534.09,0,0,0,0,0,0,0,13.31,0,0,0,0,0,3637.52,0,3246.39,0,0,0,0,0,0,0,0,0,0,0,0,0,0,0,0,0
eca-miR-377,0,0,0,0,3341.52,22.26,0,0,0,0,0,0,26,0,0,0,0,0,0,40.14,0,0,0,0,0,0,0,0,0,0,0,0,0,0,0,0,0,0,0,0,0,0,6720.94,0,0,0,0,0,37.93,0,0,0
eca-miR-378,2892.29,4177.81,4531.84,0,3759.21,3071.72,1539.12,3302.07,547.15,0,6384.48,1628.66,1169.83,7695.15,87,5466.89,5556.66,0,0,12805.59,7059.74,9.82,0,8585.73,3342.51,0,53.23,229.48,0,8972.42,0,4727.67,0,1668.67,0,849.04,700.8,413.49,7344.04,2027.68,2350.42,8216.19,0,4937.5,2829.21,3345.88,1693.22,1560.19,0,3227.06,0,10382.35
eca-miR-379,0,0,0,0,0,0,0,0,0,0,0,0,0,73.99,0,0,0,0,0,0,0,0,0,0,0,0,0,0,0,0,0,0,0,0,0,0,0,0,0,0,0,0,0,0,0,0,0,0,0,0,0,0
eca-miR-380,474.42,0,0,0,3169.53,0,0,0,0,0,0,0,0,0,0,0,0,0,0,0,0,0,0,0,0,0,0,0,0,0,0,0,0,0,0,0,0,0,0,0,0,0,0,0,0,0,0,0,0,0,0,0
eca-miR-381,0,0,0,0,0,0,23.68,0,0,0,0,0,0,0,0,0,0,0,979.17,0,0,0,0,0,0,0,0,0,0,0,0,0,0,0,0,0,0,0,0,0,0,0,0,0,0,0,0,0,0,0,0,0
eca-miR-382,0,55.7,16.19,0,0,0,23.68,0,0,0,0,2993.22,0,0,0,0,0,0,0,0,2860.17,0,0,0,0,0,0,0,0,0,0,0,2455.33,0,2995.6,0,0,569.52,8303.78,0,0,0,0,0,0,0,0,0,0,3442.19,0,0
eca-miR-409-3p,420.32,0,0,0,0,5431.15,0,0,0,4763.25,0,0,0,0,3045.07,88.18,0,0,0,0,4367,0,0,0,0,0,0,15.3,0,0,0,0,0,0,0,0,0,0,0,0,6082.22,0,0,0,0,0,0,0,0,0,0,0
eca-miR-410,0,0,0,0,0,0,0,0,0,0,0,0,0,0,0,0,0,0,0,0,0,0,0,0,0,0,0,0,0,0,0,709.15,0,0,0,0,0,0,0,0,0,0,0,2000,0,0,0,0,0,0,0,0
eca-miR-411,0,0,16.19,0,0,0,0,0,0,0,0,44.02,0,0,0,0,0,0,0,0,0,0,0,36.54,0,0,0,0,0,0,0,0,0,0,0,0,0,0,0,3877.49,0,0,0,0,0,0,0,0,0,0,0,0
eca-miR-423-3p,31823.52,55.7,5227.81,2292.61,9090.91,9237.41,3291.34,11604.43,7232.62,29236.47,3192.24,88.04,5537.21,4143.54,8874.2,8553.04,10478.27,14986.32,6142.07,25089.32,23411.56,5539.95,5650.28,36.54,8257.96,230.31,4897.52,45.9,143.15,377.79,6469.56,4115.86,1318.6,11250.65,2953.8,5418.9,5317.83,2005.02,13227.62,1992.1,1422.62,0,36018.55,187.5,84.04,5925,3340.06,6925.06,75.86,10928.96,7643.08,21682.02
eca-miR-423-5p,21007.6,13480.39,9322.65,12026.14,4471.74,1647.15,6393.26,11264.79,14841.41,281.57,14095.6,6206.53,8604.78,11024.79,87,4144.26,16927.96,0,9480.15,5780.58,8692.13,5569.42,9643.41,10156.74,16270.15,2303.09,11152.52,10923.11,8684.24,5194.56,5644.69,6716.08,4683.31,15895.41,7077.97,9514.3,9027.95,11054.94,23325.68,8608.73,8721.29,98.99,5253.69,7562.5,9271.97,20075.28,8373.34,9689.6,8154.44,38315.91,38804.6,14531.13
eca-miR-424,0,0,0,0,0,0,0,0,0,0,0,88.04,0,0,0,0,0,0,0,0,0,0,0,36.54,0,0,0,0,0,0,0,0,0,0,0,0,0,0,0,0,0,0,0,0,0,0,0,0,0,0,0,0
eca-miR-425,432.8,0,0,0,0,0,0,0,0,0,0,0,2261.68,0,0,0,0,0,0,0,0,0,0,0,0,0,0,0,0,0,0,0,0,0,0,0,0,0,0,0,0,0,0,0,0,0,0,0,0,0,0,0
eca-miR-433,0,0,0,0,1007.37,0,0,0,0,0,0,0,0,0,6786.15,0,0,0,0,0,0,0,0,0,0,0,0,0,0,0,0,0,0,0,0,0,0,0,0,0,0,0,0,0,0,0,0,0,0,0,0,0
eca-miR-448,0,0,0,0,0,0,0,1434.04,0,0,0,0,0,0,0,0,0,0,0,0,0,0,0,0,0,0,0,0,0,0,0,0,0,0,0,0,0,0,0,0,0,0,0,0,0,0,0,0,0,0,0,0
eca-miR-449a,0,0,0,0,1867.32,0,0,0,0,0,0,0,0,0,0,0,0,0,0,0,0,0,0,0,0,0,0,0,0,0,0,0,0,0,0,0,0,0,0,0,0,0,0,0,0,0,0,0,0,0,0,0
eca-miR-450b-5p,0,0,0,0,0,0,0,0,0,0,0,0,0,0,0,0,0,0,0,0,0,0,0,0,0,0,0,0,0,0,0,0,0,0,1309.7,0,0,0,0,0,0,0,0,0,0,0,0,0,0,0,0,0
eca-miR-451,89003.47,8355.61,8998.95,4585.22,35307.13,43493.75,6132.79,34228.35,3539.37,19921.16,16085.57,5898.41,13258.12,41731.41,9657.21,88.18,18535.42,8656.95,45753.96,13287.3,37782.18,2298.49,7646.85,5334.11,9191.9,45370.8,3367.05,31973.81,6823.33,17850.4,25053.37,13126.24,5047.06,8446.59,5197.01,7067.05,28526.67,655.34,29167.54,6652.2,7525.46,42763.81,10318.06,9187.5,24118.32,0,6610.54,10291.78,151.71,30958.22,52699.63,27039.99
eca-miR-454,0,0,0,0,0,0,0,0,2855.43,0,0,0,0,0,0,0,0,0,0,0,0,0,0,0,0,0,0,0,0,0,0,0,0,0,0,0,0,0,0,0,0,0,0,0,0,0,0,0,0,0,0,0
eca-miR-485-3p,0,0,16.19,0,0,0,0,0,0,0,0,0,0,0,0,0,0,0,0,0,0,0,0,0,0,0,0,0,0,0,0,0,0,0,0,0,0,0,0,0,0,0,0,0,0,0,0,0,0,0,0,0
eca-miR-486-3p,0,0,0,0,0,0,1160.26,0,0,0,0,0,0,0,0,0,0,0,0,0,0,0,0,0,0,6448.64,0,0,0,0,0,0,0,0,0,0,0,0,0,0,0,49.5,0,0,0,0,0,0,0,0,0,3294
eca-miR-486-5p,43184.6,32475.49,78708.42,91141.28,61203.93,48769.09,119695.97,47568.73,19543.47,41766.39,86729.41,103662.29,64938.78,147909.73,77953.71,78299.97,18436.2,146106.42,130318.68,31030.47,61347.21,32768.21,8824.82,135362.24,54315.77,67480.42,74873.57,78037.51,52868.9,92510.39,36730.93,26057.82,98144.86,43540.34,102964.94,59520.54,32813.92,29388.82,36636.76,121375.97,126056.66,1336.37,40183.64,43000,16975.27,30740.28,26743.67,24169.27,79989.38,48362.81,77674.67,21911.35
eca-miR-487b,0,0,0,0,0,22.26,3551.81,18.87,0,0,41.46,0,26,0,3219.07,88.18,0,0,0,0,0,0,0,5553.32,0,230.31,998.14,0,0,4486.21,0,0,3251.03,0,0,0,0,1256.07,7385.77,0,0,49.5,0,0,0,0,0,0,0,0,0,0
eca-miR-489,994.61,0,0,0,0,0,0,0,0,0,0,0,0,0,0,0,0,0,0,0,0,9.82,0,0,0,0,0,0,0,0,0,3086.89,0,0,0,0,0,0,0,0,0,0,0,0,0,0,0,0,0,0,0,0
eca-miR-494,0,0,0,0,0,0,0,18.87,0,0,0,0,0,0,0,0,0,0,0,0,0,0,0,0,0,0,0,3671.63,0,0,0,0,0,0,0,0,0,0,0,0,0,0,0,0,0,0,0,0,0,0,3649.69,0
eca-miR-497,0,1392.6,1213.89,0,0,0,1515.44,1094.4,1983.41,0,0,0,0,147.98,0,0,0,0,6142.07,0,0,2092.21,0,0,0,0,0,0,0,0,0,0,0,0,0,0,0,0,3713.75,0,0,0,0,0,0,0,1809.2,1040.13,0,0,0,0
eca-miR-501-5p,0,0,0,0,0,0,0,0,0,0,0,0,0,0,0,0,0,0,0,0,0,0,0,0,0,0,0,0,0,0,0,695.25,0,0,0,0,0,0,0,0,0,0,0,0,0,0,0,0,0,0,0,0
eca-miR-502-3p,749.08,0,0,0,0,0,0,0,0,0,0,0,0,0,3567.08,0,0,0,0,0,0,0,0,0,0,0,0,1483.95,0,0,0,1432.21,0,0,0,0,0,0,0,0,1113.36,16234.41,0,0,0,0,0,0,0,0,0,0
eca-miR-502-5p,0,0,0,0,0,0,0,0,0,0,0,0,0,0,0,0,0,0,0,0,0,0,0,0,0,0,0,0,0,0,0,0,0,0,0,0,0,0,0,0,0,0,0,0,0,0,0,958.01,0,0,0,0
eca-miR-505,1531.46,0,0,0,0,0,0,0,0,0,0,0,0,0,87,0,0,81.67,0,0,1004.55,0,0,0,5407,0,0,0,0,0,0,0,0,0,0,0,0,0,0,0,0,0,0,0,0,0,0,0,0,0,6170.11,20.85
eca-miR-532-5p,586.78,0,0,0,0,0,0,1113.27,0,0,41.46,0,0,0,0,0,7382.42,0,0,0,2469.51,0,1118.08,2740.13,0,17042.84,3872.77,0,0,0,0,917.72,0,3681.4,0,2047.7,0,756.76,0,6083.03,3051.42,49.5,0,62.5,3053.31,0,904.6,1395.96,0,0,0,6400.37
eca-miR-542-3p,0,0,0,0,0,0,0,0,0,0,0,0,0,0,0,0,0,0,44.51,0,0,0,0,0,0,0,0,0,0,0,0,0,0,0,0,0,0,0,0,0,0,0,0,0,0,0,0,465.32,0,0,0,0
eca-miR-543,0,0,16.19,0,0,0,23.68,0,0,0,0,0,0,0,0,0,0,0,44.51,0,0,0,0,109.61,0,0,0,0,0,0,16.17,0,0,0,1839.16,0,0,7.8,0,0,2391.65,0,0,0,0,0,0,0,0,0,0,0
eca-miR-590-3p,0,0,0,0,0,0,0,0,0,0,0,0,0,0,0,0,0,0,0,0,0,0,0,0,0,0,0,0,0,0,0,0,0,0,0,0,0,0,0,0,0,0,0,0,1540.66,0,0,0,0,0,0,0
eca-miR-592,0,0,0,0,0,0,0,0,0,0,0,0,0,0,0,0,0,0,0,0,0,0,0,0,0,0,0,0,0,0,0,0,0,0,0,0,0,0,0,2063.25,0,0,0,0,0,0,0,0,0,0,0,0
eca-miR-598,0,0,3026.62,0,0,0,23.68,0,0,0,0,0,0,0,0,0,0,0,0,0,0,0,0,0,0,0,0,0,0,0,0,0,0,0,0,0,0,0,0,0,0,0,0,0,0,0,0,0,0,0,0,0
eca-miR-615-3p,0,55.7,16.19,0,0,0,0,0,0,0,0,0,0,0,0,0,0,0,0,0,0,0,0,0,0,0,0,0,0,0,0,0,0,0,0,0,0,0,0,0,0,0,0,0,0,0,0,0,0,0,0,0
eca-miR-628a,0,0,0,0,0,0,0,0,0,0,0,0,0,0,0,0,0,0,0,0,0,0,0,0,0,0,0,0,0,0,0,0,0,0,0,0,0,0,0,1671.94,0,0,0,0,0,0,0,0,0,0,0,0
eca-miR-652,262.18,0,2800.03,0,3046.68,22.26,0,0,0,0,0,0,0,0,0,0,2659.26,0,0,7386.3,0,0,0,0,49.15,0,0,0,0,0,2280.52,1209.73,0,0,0,0,0,0,0,0,0,0,0,1062.5,0,0,0,0,0,0,0,0
eca-miR-660,4.16,0,0,0,0,0,0,0,1726.94,0,0,0,0,0,3393.07,88.18,0,0,0,0,0,0,0,0,5603.62,0,1663.56,0,1097.46,0,1116,876.01,22.73,0,0,0,2514.63,1084.43,0,35.57,0,0,0,6375,0,0,2806.58,2217.11,37.93,0,0,4899.3
eca-miR-671-3p,0,0,0,0,0,0,0,0,940.41,23.46,0,0,0,0,0,0,0,0,0,0,0,0,0,0,0,0,0,0,0,0,0,0,0,1771.89,0,1822.95,0,748.96,0,0,0,0,0,0,0,0,0,0,37.93,21.51,0,0
eca-miR-676,0,0,0,0,24.57,0,0,0,0,0,0,0,0,0,0,0,0,0,0,0,0,0,0,0,0,0,0,0,0,0,0,0,0,0,0,0,0,1170.25,0,0,0,0,0,0,0,0,0,0,0,0,0,0
eca-miR-7,0,0,0,0,0,0,0,0,0,0,0,0,0,0,0,0,0,1919.23,0,0,0,0,0,0,0,0,0,0,0,0,0,0,0,0,0,0,0,0,0,0,0,0,0,0,0,0,0,0,0,0,0,0
eca-miR-708,0,0,0,0,0,0,0,0,0,0,41.46,0,0,0,0,0,0,0,0,0,0,0,0,0,0,0,0,0,0,0,0,0,0,0,0,0,0,0,0,0,0,0,0,0,0,0,0,0,0,0,0,0
eca-miR-7177b,0,0,0,0,0,0,0,867.97,0,0,1616.85,1100.45,0,0,0,0,0,0,0,0,0,0,0,0,0,0,0,0,0,0,0,0,0,0,0,0,0,0,0,0,0,0,0,0,0,0,0,0,0,0,0,0
eca-miR-744,582.62,0,631.22,1809.95,909.09,0,1752.23,0,0,0,0,0,0,0,0,0,0,0,0,0,0,19.65,19.97,0,49.15,0,0,0,0,0,760.17,597.91,0,0,0,2322.39,0,1560.33,0,0,1546.33,0,9040.14,1875,0,0,1762.81,793.78,0,5442.97,0,0
eca-miR-769a-3p,0,0,0,0,0,0,0,0,0,0,0,0,0,0,0,0,0,0,0,0,0,0,0,0,0,0,0,0,0,0,0,0,0,0,0,0,700.8,0,0,0,0,0,0,0,0,0,0,0,0,0,0,0
eca-miR-872,0,0,0,0,0,0,0,0,0,0,0,0,0,0,0,0,0,0,0,0,13.95,0,0,0,0,0,0,0,0,0,0,862.1,0,0,0,0,0,0,0,0,0,0,0,0,0,0,0,0,0,0,0,0
eca-miR-889,0,111.41,0,0,0,0,0,0,0,0,0,0,0,0,0,0,0,0,0,0,0,0,0,0,0,0,0,0,0,0,0,0,0,0,0,0,0,0,0,0,0,0,0,0,0,0,0,0,0,0,0,0
eca-miR-8917,0,0,0,0,0,0,0,0,1265.28,0,2777.66,0,0,0,0,0,0,0,0,0,0,2406.54,0,0,0,0,0,0,0,0,0,0,0,0,0,0,0,0,0,0,0,0,0,0,0,0,0,0,0,0,0,0
eca-miR-8923,0,0,0,0,0,0,0,0,0,0,0,0,0,0,0,0,0,0,0,0,0,0,0,0,0,0,0,0,0,0,0,0,0,0,0,0,0,0,0,0,0,0,0,0,0,0,23.19,0,0,0,0,0
eca-miR-8934,0,0,0,0,0,0,0,0,0,0,0,0,0,0,0,0,0,0,0,0,0,0,1617.22,0,0,0,0,0,0,0,0,0,0,0,0,0,0,0,0,0,0,0,0,0,0,0,0,0,0,0,0,0
eca-miR-8993,0,0,2735.29,0,0,0,3622.85,0,0,0,0,3785.54,0,27746.95,0,0,0,0,0,31110.75,0,0,0,0,0,5757.72,452.49,0,0,2266.72,0,0,3364.71,0,3636.52,0,0,0,0,0,0,0,0,0,0,0,0,0,3185.92,0,0,0
eca-miR-9021,0,0,0,0,0,0,0,0,0,0,0,0,0,0,87,0,0,0,0,0,1395.21,0,0,0,0,0,825.13,0,0,0,0,0,0,2821.26,0,0,0,0,0,0,0,0,0,0,0,0,0,930.64,0,0,0,0
eca-miR-9055,0,0,0,0,0,0,0,0,0,0,0,0,0,0,0,0,0,0,0,0,0,0,0,0,0,0,0,0,23.86,0,0,0,0,0,0,1048.82,0,0,0,0,0,0,0,0,0,0,0,0,0,0,0,0
eca-miR-9094,0,0,0,0,0,0,0,0,0,0,0,0,0,0,0,0,0,0,0,0,0,0,0,0,0,0,0,0,0,0,16.17,0,0,0,1490.83,0,0,0,0,0,20.62,0,0,0,0,0,0,0,0,0,0,0
eca-miR-9097,0,0,0,0,0,0,0,0,0,0,0,0,0,0,0,0,0,0,0,0,0,0,0,0,0,0,0,0,1002.03,0,0,0,0,0,0,0,0,0,0,0,0,0,0,0,0,0,0,0,0,0,0,0
eca-miR-9104,0,0,0,0,0,0,0,0,0,0,0,0,0,0,0,0,0,0,0,0,0,0,0,0,0,0,0,0,0,0,16.17,0,0,0,0,724.19,0,0,0,0,0,0,0,0,0,0,0,0,0,0,0,0
eca-miR-9138,0,0,0,0,0,0,0,37.74,0,0,0,0,0,0,0,0,0,0,0,0,0,0,0,0,0,0,0,0,0,0,0,0,0,0,0,0,0,0,0,0,0,0,0,0,0,0,0,0,0,0,0,0
eca-miR-9141,0,0,0,1568.63,0,0,0,0,0,0,0,0,0,0,0,0,0,0,0,0,0,0,0,0,0,0,0,0,0,0,0,0,0,0,0,0,0,0,0,0,0,0,0,0,0,0,0,0,0,0,0,0
eca-miR-92a,152916.84,35260.7,25103.18,19708.4,59852.58,35257.98,16575.11,50210.39,13131.57,64198.23,17660.96,21172.64,29609.8,33740.29,38541.85,39149.99,43103.79,43611.42,31555.99,36409.62,79163.99,12622.05,12678.19,28131.96,49351.16,46752.65,20495.08,38521.56,22664.92,37164.71,23015.46,38933.77,35488.56,20213.31,31168.14,6193.03,20694.2,16399.07,41477.15,29241.22,22040.33,54890.12,37817.11,16500,44539.06,53952.32,4314.24,14972.35,5840.86,37218.71,62797.66,32168.62
eca-miR-92b,12214.2,0,16.19,0,12923.83,0,23.68,3037.91,1333.68,4763.25,0,0,6135.13,0,5481.12,0,0,122.5,0,0,11594.16,0,4292.62,2886.27,4423.91,230.31,1557.09,1835.82,0,5147.34,2717.22,5840.07,4024.01,3096.51,1783.43,886.5,0,1326.28,4423.12,1778.66,20.62,98.99,0,1000,4397.88,0,2203.51,4926.92,0,3721.87,0,3815.2
eca-miR-93,2076.62,612.75,16.19,744.09,5257.99,378.4,1823.26,0,17.1,0,0,0,0,0,957.02,0,0,0,0,3612.86,0,3467.38,1417.56,0,2113.65,230.31,13.31,0,3363.95,0,16.17,723.06,0,1754.69,0,87.4,2308.52,678.74,0,0,0,0,0,2062.5,0,0,0,0,0,0,16.37,0
eca-miR-98,428.64,1671.12,1424.29,0,1621.62,0,1302.33,2018.98,0,2487.21,1575.39,1320.54,2235.68,0,3567.08,0,0,0,44.51,0,0,9.82,3114.64,1863.29,0,0,53.23,948.51,1169.03,0,1746.78,876.01,2023.37,1427.83,390.12,2147.58,1319.15,46.81,0,2525.7,1195.83,0,1419.92,2250,0,2509.41,1925.17,1259.1,0,0,0,0
eca-miR-99a,26425.96,1002.67,9872.95,15364.5,13415.23,15625.7,15320.14,23491.9,5710.87,21211.69,5555.33,9683.95,24462.53,1109.88,3393.07,1058.11,2421.12,0,17090.97,7346.15,21193.18,9616.33,2795.19,16331.15,8012.19,230.31,18485.49,8964.91,13455.8,9869.66,13100.86,10386.97,19324.33,68.81,16190.16,1972.78,8863.06,9564.82,16774.46,1992.1,3752.42,18115.22,8424.84,18500,28.01,8364.7,719.04,10100.18,13312.6,24998.92,11194.58,10278.11
eca-miR-99b,724.11,13591.8,6150.36,7159.38,0,9437.74,9945.07,5075.76,9746.09,19968.09,6550.31,4841.98,0,9174.99,0,11286.48,2143.28,4818.49,1335.23,3211.43,1953.29,4901.48,5290.9,3105.48,6046.01,0,10327.39,9852.22,7706.07,6233.47,2781.91,4741.58,16391.58,14003.1,4082.37,7716.32,5276.61,7442.77,41.73,6972.36,2247.33,0,4259.75,0,56.02,24397.04,3316.86,9990.69,4361.68,6841.36,49.1,8339.24
eca-miR-9a,0,0,0,0,0,0,0,0,0,0,0,0,0,0,0,0,0,0,0,0,0,0,0,0,0,0,0,0,0,1936.15,0,0,0,0,0,0,0,0,0,0,0,0,0,0,2437.04,0,0,0,0,0,0,0
