Accession,53,54,55,56,57,58,59,60,61,62,63,64,65,66,67,68,69,70,71,72,73,74,75,76,77,78
A0A061DBP6,1622.66,684.859,837.049,739.127,1802.08,1702.44,1717.44,1864.13,543.508,600.596,912.101,768.933,1877.16,1778.56,2329.35,1335.27,1985.3,1749.14,716.656,1144.2,771.57,2180.22,2479.37,1515.65,2498.4,1114
A0A3Q2GSM3,5677.55,4126.32,3679.49,1897.27,5786.01,1209.21,8105.02,4114.63,953.22,1851.75,2892.9,4567.73,2973.11,3843.81,6147.01,1863.09,1661.82,3834.46,1373.39,1271.11,741.125,3524.46,2151.77,2607.6,2750.2,5137.5
A0A3Q2GVV2,,76.7045,,,37.791,48.1529,,129.681,,142.259,21.1808,75.3966,80.2563,,104.969,13.4122,83.6057,101.977,,,,66.7808,31.761,79.9977,49.0439,
A0A3Q2GWC9,0.93228,7.02277,9.22691,1.67185,,9.04116,,,,,,,1.39735,2.77489,,4.78545,0.723649,2.67169,2.31268,2.82498,,,0.83115,1.497,,
A0A3Q2GX72,23.6193,,38.4149,,25.5653,,10.5139,17.6612,,,,238.213,5.66092,,18.6222,,8.714,26.5199,,7.50585,25.9644,17.0171,18.7035,,20.2451,
A0A3Q2GXB1,749.475,598.479,2555.95,619.883,327.083,355.146,219.969,102.279,370.607,865.242,483.674,116.565,396.554,596.901,486.107,418.248,396.845,325.043,223.34,501.261,574.688,271.659,181.27,330.159,229.09,187.27
A0A3Q2GXX5,18.2896,19.2829,19.6838,18.9889,,15.6645,,29.168,,17.3078,,7.05973,16.1408,10.9345,12.4224,30.3981,25.4859,25.8567,,26.5221,,17.5386,32.6261,30.2031,28.3151,0.777532
F6R810,4.57766,13.4079,19.0416,,6.96088,2.29113,2.01457,4.81655,,8.16339,,,1.42433,13.1661,9.82668,2.43344,0.507244,8.07362,3.57585,4.32194,,41.0225,3.96737,7.97514,6.65643,2.78357
A0A3Q2H075,1.2159,0.526932,,,,1.67811,,3.90797,,,,,6.47672,0.413959,2.09044,5.94081,,3.25534,,2.56104,,,4.9804,2.12965,2.57854,
A0A3Q2H1D2,1778.38,1686.15,1708.98,2016.73,854.885,8948.69,1296.77,2139.19,2252.96,2412.51,2471.01,2301.34,1668.75,2338.69,1647.46,2505.11,1638.11,2755.32,2513.4,2153.3,363.768,644.143,3089.79,2749.61,2546.38,1650.9
A0A3Q2H306,312.367,897.395,233.951,1913.13,879.695,2003.77,2062.45,,230.545,963.383,224.001,2786.84,149.445,563.631,530.175,279.866,102.485,56.9629,819.723,381.019,,267.528,27.2671,257.181,5307.01,
A0A3Q2H3F6,1109.82,1409.82,1922.35,1586.86,773.393,759.232,1038.42,783.212,733.428,2295.35,1526.49,1466.7,876.717,1428.24,813.053,1419.31,893.637,1501.45,808.648,1747.99,1082.18,678.178,666.431,1281.68,1017.47,866.145
F6WFI8,452.905,878.846,892.741,530.219,772.626,252.747,1055.9,695.714,934.381,620.486,1001.01,768.39,177.336,774.331,1525.64,138.162,148.179,393.899,655.916,114.254,373.491,2048.23,72.0989,238.158,389.648,1388.88
A0A3Q2H593,,99.8373,,74.4442,,32.1856,,,,,,,61.5251,,156.499,6.28668,,,,64.4768,,107.543,52.0513,87.8413,115.708,
A0A3Q2H659,22.4613,5.74527,,,90.4427,24.0478,,5.75603,,,15.6366,,3.03062,8.41489,60.0551,3.79768,22.4481,,,5.42585,,,,4.03617,,2.22217
A0A3Q2H6U6,2.77213,30.2474,,,,0.721099,,,37.2999,3.8941,14.2574,4.65494,1.06845,,1.95395,,,1.83914,,,,,4.95858,1.31255,58.1068,
Q28383,64.7741,,,284.058,160.668,38.9414,,79.4305,18.4254,,,,,26.9598,,29.597,27.6834,10.6411,7.30961,29.7823,147.055,54.9389,,,20.1218,
A0A3Q2H8S7,509.643,291.368,274.137,122.435,178.343,673.82,311.617,313.555,181.897,215.442,195.756,155.863,421.929,408.896,505.335,446.908,540.458,332.745,148.08,429.615,202.726,246.683,583.458,448.792,449.417,237.939
A0A3Q2H908,33547.2,14446,30828,15597.4,8498.01,69682,18995.6,39732.2,18375.2,22708.6,22485.7,15962.4,16357.2,22097.3,18795.3,26197.2,19286.3,38765.3,21684.5,18306.3,5478.16,10867.7,51456.2,26818.2,47768.4,16572.8
A0A3Q2HAN3,102.101,47.1104,138.066,111.764,77.0764,107.271,291.484,114.655,216.181,168.66,52.7235,60.6583,83.2354,68.3286,157.501,51.9357,44.6587,85.1465,67.4912,43.0212,256.641,20.8564,34.5877,64.02,43.9952,164.696
A0A3Q2HC10,1936.18,1121.23,2276.12,803.011,543.697,6207.23,2077.9,3557.66,810.782,1730.16,1515.55,950.415,1843.67,2301.25,2290.28,2764.88,1885.74,3451.5,824.89,2339.24,259.897,977.296,4272.96,2996.33,5909.04,952.326
A0A3Q2HCW6,91.6837,79.8538,228.263,45.7388,70.244,76.3093,69.8317,94.0007,80.3439,142.874,203.598,93.6736,19.278,47.8918,57.1246,34.1754,24.0964,63.6753,57.5354,52.6625,155.178,38.2871,28.0405,41.5178,107.904,22.2869
A0A3Q2HE26,57.0297,426.193,320.669,33.9385,304.834,174.603,1019.66,93.7828,242.497,31.4865,,,17.7734,159.346,246.503,12.2846,21.9484,151.095,212.028,24.3774,13.799,15.8725,22.7763,71.8897,28.1841,243.733
A0A3Q2HI93,,,,,,,,,,,,,,,,,,,,,,5.66186,4.09014,,,
A0A3Q2HID2,75.9927,176.603,161.132,58.2056,46.4114,170.194,119.069,83.5099,46.6401,105.859,138.875,116.316,54.2206,128.566,73.2874,145.239,101.689,146.038,122.337,163.703,59.4967,119.966,71.3602,189.121,148.814,41.4573
A0A3Q2HIE9,8.54675,49.5194,,12.1713,123.365,,,,,39.2091,137.116,479.651,12.2457,17.6365,15.1344,5.86922,,33.3183,19.6832,12.266,48.2703,,2.51496,10.1123,,28.6754
A0A3Q2HJD6,10731.1,5570.36,8326.8,3357.03,8573.23,4834.69,10192,8151.12,6226.47,4386.25,6832.96,5326.06,8331.51,5254.38,13780.8,5402.06,6879.69,7449.66,3553.01,3790.33,9203.35,5820.74,6323.78,7253.41,7108.66,13088
A0A3Q2HJJ4,,,,,,,,0.832796,,,,,,,,,,,,,,,1.56196,,3.46071,
A0A3Q2HK38,1256.69,581.462,1065.1,421.63,457.917,1575.43,734.639,852.723,662.099,521.947,715.68,565.904,663.267,1004.13,881.396,934.801,631.079,1063.35,729.916,813.604,596.087,513.642,1273.92,964.041,1614.44,1230.21
A0A3Q2HLV9,115.27,,191.664,9.61727,,230.878,28.2528,168.462,145.515,,18.1502,29.6388,54.0673,,59.3964,94.6377,23.3044,174.223,137.845,84.4717,,39.176,146.458,100.645,197.356,82.0458
A0A3Q2HMJ3,5210.98,3802.41,4281.81,3036.01,2244.15,13424.4,4492.92,5835.6,2821.29,4399.34,4206.61,3339.05,5537.8,4572.04,6411.2,7457.04,5504.03,4703.03,4617.01,5491.75,8088.78,3883.91,7534.22,6211.39,7667.08,8543.34
A0A3Q2HN78,6.03416,7.68986,,,384.332,3.21317,19.3751,,8.75355,4.37007,2.30558,23.0749,,18.8653,3.36588,2.29439,1.85169,4.18094,6.49637,0.437959,20.5094,6.60476,,1.87422,3.1932,
A0A3Q2HPX3,7.89855,,,1.22813,,5.25332,,2.5317,1.80292,,,3.71047,3.34661,6.44527,0.941851,1.94609,3.01291,2.98113,1.85823,3.27635,,0.47113,1.9073,5.39872,,9.22431
F6TY91,,68.8632,,63.2076,69.0654,0.449592,48.2274,2.24157,16.4167,0.661596,,75.8334,,,,,,32.3719,96.7506,,13.3094,2.35279,,1.86621,,56.9269
A0A3Q2HRL2,4.21037,1.57152,,,,6.53847,,3.36838,,,,,,6.24792,,7.85401,2.03629,6.55823,1.03614,13.0287,,39.6131,2.96846,7.74098,11.965,2.15843
A0A3Q2HRX3,5167.04,2911.77,5667.88,6288.17,8629.59,1373.83,3344.99,5037.42,9051.78,4193.82,8594.97,6741.1,1556.13,4790.55,1958.96,1815.67,1149.62,5894.51,6799.89,2234.61,6531.59,6660.68,5014.88,4142.77,5261.97,7461.17
A0A3Q2HTG2,9900.95,4324.53,5931.58,4150.32,5445.51,3484.77,2802.23,7685.01,5156.71,6129.85,3353.72,2426.73,6901.92,4233.17,2963.44,7761.72,7695.56,6687.28,4505.81,6391.64,9546.16,4548.14,12638.4,6036.08,3473.54,6370.34
A0A3Q2HVB6,22534.9,18170,24068.9,12006,26840.5,43244,38754.8,40226.5,16042.3,17909.1,24094.5,9651.52,31434.6,33416.7,49970.2,32433.5,39955.6,42931.2,9810.28,24116.8,19696.6,54293.9,50230.5,38318.8,48961.4,7910.85
A0A3Q2HVQ1,167.679,225.153,295.532,121.884,152.451,154.222,181.586,261.856,277.912,108.659,256.641,130.677,222.956,304.094,162.455,111.177,202.588,221.953,210.306,187.809,138.198,166.013,152.358,277.052,293.637,280.062
A0A3Q2HW24,451.558,251.691,844.781,984.23,734.99,509.836,340.573,644.248,2173.09,1256.22,1037.07,1292.28,119.664,675.781,190.118,294.402,338.362,667.97,3849.02,338.055,576.738,358.358,822.177,532.574,1174.17,1068.21
A0A3Q2HWQ6,857.041,1652.51,799.847,849.783,545.22,983.651,793.463,717.732,611.905,1248.13,679.52,644.617,880.973,1059.34,1014.48,1045.98,953.389,752.266,570.936,1014.12,630.054,695.88,716.836,1150.67,525.221,565.286
A0A3Q2I0V0,38.6827,,23.5524,,,,,24.346,,,,,,,,,,22.6083,,,,,47.5889,,28.2339,
A0A3Q2I2D6,235.204,336.737,165.581,98.2386,180.261,265.802,460.577,470.341,95.1612,424.218,461.768,922.359,165.217,281.631,256.294,179.173,158.678,298.475,312.054,179.137,139.505,167.733,209.341,209.754,1140.41,174.914
A0A3Q2I2H1,2.91075,,,3.44388,2.05215,7.34379,7.4865,,,3.0898,,,8.56109,,9.86138,,9.50665,4.00364,2.94168,,,6.12183,3.18309,,,
A0A3Q2I3K2,296.273,2182.09,888.214,643.135,672.182,321.53,3544.02,290.523,517.093,145.877,377.138,3550.85,276.285,425.039,446.506,88.3575,30.7215,328.947,297.09,48.1643,217.952,82.6061,102.57,283.423,692.36,488.747
A0A3Q2I3W5,1036.24,2300.97,2651.94,1964.34,4311.95,992.398,12673.2,988.165,2549.09,1151.94,1037.99,13216,219.073,20425.1,1237.09,589.004,279.183,777.191,2234.94,247.185,,597.31,,705.588,4871.39,1832.99
A0A3Q2I424,1062.75,530.679,754.169,361.16,262.947,627.179,1213.13,1270.12,677.237,719.694,453.717,299.971,488.15,774.126,601.687,648.923,862.945,677.213,553.827,996.166,504.322,486.739,575.807,925.168,643.08,959.243
A0A3Q2I4S4,9.77909,19.8431,18.9767,10.7331,,4.5219,,13.0524,10.7794,15.3611,12.8955,24.8529,11.1798,15.7358,7.80094,5.98834,8.87816,11.9877,2.48164,13.441,,9.34198,9.89613,12.9242,4.54572,
A0A3Q2I6R8,1316.12,781.163,1196.25,619.297,1412.73,594.383,1307.49,709.933,597.288,655.534,769.08,765.371,912.578,1603.53,1308.33,621.415,643.973,1023.79,634.216,526.596,988.105,596.592,545.699,767.809,,1371.76
A0A3Q2I8H8,221.297,245.54,284.159,76.6938,88.9299,221.638,355.169,258.094,114.198,98.3213,138.81,112.951,137.074,592.671,214.003,359.186,213.766,339.436,134.557,404.1,72.1401,126.397,288.998,456.684,385.957,288.487
A0A3Q2I9Y1,54.2171,142.322,419.658,213.564,407.375,168.508,827.301,146.731,823.53,285.906,233.488,265.461,126.729,379.455,314.507,805.473,87.8922,63.9299,386.662,105.773,88.9965,34.9795,26.5865,58.2967,79.659,155.79
F6VFV9,185.785,262.609,224.392,110.248,173.217,40.1334,189.675,186.655,130.676,92.2183,137.855,129.94,47.5476,182.168,376.56,34.089,37.6974,91.6252,81.8738,13.0835,65.1707,772.115,15.0038,72.0041,88.3896,439.772
A0A3Q2ID60,,,,2.82828,,,,,,4.53,,,1.87127,,,0.955675,1.96684,,,3.76484,,,,,,
A0A3Q2IDD2,28.0299,79.5551,86.0179,62.6326,16.3929,63.089,38.5482,18.7815,33.6886,113.01,57.3708,57.921,45.0878,57.5505,42.427,34.5991,37.2428,45.593,28.1651,47.6519,46.6172,32.2627,16.7142,37.9931,29.8243,19.6548
A0A3Q2IE19,174.412,287.276,497.825,331.135,552.22,182.594,820.746,319.253,615.218,305.56,757.831,100.732,268.089,375.429,105.423,155.275,229.772,282.633,290.947,183.188,494.663,174.767,184.619,152.42,513.83,712.074
A0A3Q2IEU7,51.061,100.912,73.9204,54.9317,76.5714,46.3168,130.733,49.3226,55.9827,32.4522,52.1064,331.361,25.356,74.4434,47.1127,64.3692,17.877,32.3688,76.7364,36.352,45.9476,53.8342,27.6437,56.995,56.1766,94.0344
A0A3Q2KM06,100.058,55.0821,89.3681,28.0817,48.6961,14.6994,190.579,124.042,52.1039,24.5565,37.0683,42.4326,33.9215,195.202,93.8859,26.4271,48.052,140.762,81.1112,57.8932,84.9028,86.3991,56.6083,80.6679,121.899,100.851
A0A3Q2KUV4,1114.54,798.11,757.691,645.202,451.475,461.15,836.207,888.253,221.438,175.161,616.638,184.679,400.051,593.546,699.617,554.302,335.321,1023.15,408.812,405.54,369.569,833.098,437.432,919.978,1045.14,528.871
A0A3Q2L7R0,12.0869,90.7625,30.8806,42.0451,8.07205,64.0617,10.5363,18.5525,,87.513,18.6032,,52.2586,48.9454,27.7783,38.5938,35.2595,42.6207,,57.227,16.154,25.628,21.4067,35.3942,26.3367,
A0A3Q2L7X0,105.754,50.7178,90.9709,45.714,59.5175,75.9954,97.938,56.8601,32.4057,45.3534,70.5516,103.754,,104.652,80.9192,63.1695,51.3121,106.01,37.1778,56.0722,45.2513,38.0031,96.7492,127.956,191.232,28.8898
A0A3Q2LBD1,28.6152,8.82884,17.5209,24.1286,17.6096,6.83978,118.342,45.8378,,21.4883,12.0308,,4.4017,32.4327,6.55527,8.48483,6.46458,44.3011,17.6244,10.9366,28.9123,48.4904,16.8069,13.5152,41.9249,
A0A3Q2LBE4,32.2863,6.35646,,,9.90625,,188.867,82.4611,31.6397,114.883,35.3264,24.6971,31.3168,,21.2064,34.7844,23.7037,41.7854,194.006,7.51939,,55.2791,1.88231,17.7361,48.0056,165.25
A0A3Q2LCW0,2247.49,16765.6,6323.98,4919.94,8747.06,4401.39,21059.3,1180.62,1814.5,1108.69,2666.99,18945.2,1452.82,22240.8,4868.01,2176.49,711.603,2382.57,2593.46,531.732,1128.31,984.191,1165.87,1859.16,13421.5,2547.27
A0A3Q2LDF3,220.169,143.153,200.723,123.542,114.55,599.23,364.675,239.756,136.887,178.596,168.272,128.011,361.156,238.465,389.012,342.699,279.456,271.715,303.991,231.879,161.844,199.173,273.905,291.484,263.336,209.822
A0A3Q2LEZ9,35.0746,63.2725,26.4939,165.03,24.2635,25.9821,71.11,28.3613,145.055,15.5515,89.7517,98.862,37.7679,45.4926,32.8253,76.2649,45.2538,29.3681,21.3801,45.5357,57.481,19.505,17.5251,59.909,55.0305,12.6131
A0A3Q2LFC7,32.6969,514.92,1462.25,2038.01,,190.873,655.334,560.18,1969.85,180.369,1219.07,4413.79,40.6683,571.855,290.381,1.19742,178.287,477.965,673.35,14.0168,1777.49,270.449,,153.156,107.781,
A0A3Q2LG05,11.2882,5.78286,2.36075,16.42,,2.93822,28.1021,14.1156,,3.65647,6.81114,19.1928,7.18136,,3.87166,3.74309,3.03188,11.5496,,5.15718,45.4018,6.30404,5.73887,4.84309,15.2728,
A0A3Q2LQH7,32.8453,65.1967,22.45,26.2605,15.2912,,9.45533,14.2319,16.5918,,,29.3576,6.75183,33.7106,11.9657,12.9268,9.60568,,21.0072,8.44723,,20.2167,1.74621,25.8474,14.3973,24.2468
A0A5F5PEE6,60.0321,121.832,233.366,143.75,210.061,30.106,230.644,82.6569,153.13,188.445,131.831,187.377,58.7214,156.25,75.9622,32.9579,75.5316,89.8543,185.085,40.2631,199.935,117.451,36.0691,56.6861,111.284,98.7049
A0A5F5PEG5,594.105,1335.02,919.984,883.28,500.756,2002.33,883.068,1192.61,212.74,1212.27,680.32,490.845,1683.41,1226.14,1159.87,1604.69,1501.04,1655.69,403.238,1555.18,176.285,662.315,1109.18,1609.8,1306.34,264.832
A0A5F5PL54,,5.67636,,,,,,74.0528,,73.1428,133.462,,,,,17.2947,9.69389,48.0114,,18.7518,229.769,4.23865,18.3717,,,
A0A5F5PLA5,18.9979,51.7568,85.2999,39.8131,31.0307,52.058,14.5703,25.6272,38.8173,30.8129,7.84708,40.5472,41.0921,52.6756,43.9899,31.4741,35.0479,24.8141,21.1906,33.4915,26.4872,19.4617,16.3343,23.5482,32.2989,34.4935
A0A5F5PM23,6.6007,8.74359,,,7.33478,3.77453,,,,2.58911,0.316438,12.0537,4.25176,7.70194,3.85419,5.54732,2.93498,6.61326,,6.09848,,11.7793,3.79729,6.9156,,
A0A5F5PPB8,6694.91,2925.2,3980.74,2257.7,3257.93,2826.68,2474.96,5371.2,2410.75,3211.53,1875.62,1181.23,4901.37,3868.75,2469.34,6014.03,5758.33,5520.92,2578.1,5018.32,2846.38,3418.48,9782.36,5081.48,3016.21,3902.4
A0A5F5PQA2,27.9348,21.5356,73.7005,125.663,190.091,9.8923,47.4781,170.509,243.919,145.223,137.452,59.2562,2.72021,114.338,26.4915,7.91711,13.3163,99.5436,160.514,23.9039,151.269,72.3337,19.7871,50.439,65.3708,49.8748
A0A5F5PQM9,36.434,59.7504,28.0515,27.3674,104.307,33.0325,28.9678,23.7241,46.3464,23.9475,23.779,2.43122,74.2404,58.7296,66.7777,16.5242,17.0991,18.5378,12.3469,11.0813,6.65894,16.8704,20.2457,19.883,22.4626,32.8816
A0A5F5PQQ6,,7.66007,,8.19531,4.83122,1.29194,2.88178,4.74909,,,,18.3433,1.14498,6.52021,4.53964,0.960694,,,,3.21641,,4.03738,,3.93108,15.2297,
A0A5F5PQS3,148.022,107.789,361.024,264.735,105.805,87.1011,233.096,231.073,303.145,418.799,109.086,118.302,192.531,89.2945,197.912,156.539,168.253,141.451,280.825,138.683,878.864,126.998,114.121,142.711,155.798,221.378
A0A5F5PSR8,15.6628,55.1935,129.338,63.3502,41.0437,15.6994,9.19525,19.765,21.7597,38.6815,93.5852,55.072,11.5384,42.22,24.404,8.10971,10.726,26.4044,19.0867,22.2648,152.994,8.77858,18.2561,34.2821,16.5115,38.6873
A0A5F5PSY1,1.96555,6.18919,18.8931,7.70076,,5.69907,,,,,,,9.44209,13.9725,,3.55758,2.06557,8.16339,,9.64567,,,6.87657,8.1298,,
A0A5F5PT94,1340.21,1469.98,1560.7,697.884,427.827,1794.82,957.385,1106.72,511.907,824.26,677.647,723.866,1190.07,1655.4,1172.69,1530.21,929.592,1625.31,407.334,1828.99,474.025,612.744,1730.92,1666.05,1420.54,815.409
A0A5F5PTP6,81.117,82.3934,81.613,55.3015,67.0005,27.4989,124.612,119.292,99.5488,80.7615,69.9295,93.1934,19.044,272.857,53.3074,32.6345,35.5546,115.892,133.874,61.1814,87.8353,100.144,50.7171,101.47,119.2,99.281
A0A5F5PU06,11380.4,8664.52,10218.3,4622.81,11130.2,8266.92,14885.7,10921.2,6162.96,5834.94,9443,6404.22,10720.8,9430.47,17667.4,8144.61,9117.48,11408.3,3774.71,6373.37,6672.65,8071.27,8963.91,9643.22,11534.4,9829.79
A0A5F5PUE2,155.069,129.329,131.574,84.1881,83.5054,162.46,64.4187,159.531,691.111,105.476,143.918,114.331,155.303,150.948,158.554,154.557,154.762,150.059,89.9163,190.409,93.3526,82.5161,135.124,168.305,141.546,111.512
A0A5F5PUU0,,40.9689,,,12.7005,16.2684,,2.64022,,,42.5961,,16.9719,85.5001,36.4754,12.0068,19.1084,18.2525,,17.1731,,5.27452,7.61522,13.6492,3.66523,
A0A5F5PW18,371.416,977.356,916.896,1092.81,569.85,252.363,814.456,494.669,558.209,1267.69,550.163,1091.36,375.749,849.748,883.122,378.652,290.835,682.151,438.593,518.793,1010.44,439.926,538.394,584.634,573.604,607.966
A0A5F5PWX5,5996.01,32619.9,8213.61,10870.2,18402,39506.9,28974.3,6467.41,8702.09,12876.1,11814.7,10102.4,29414.7,39112.5,48967.4,47330.7,29476.4,10398.4,7513.59,64606.6,13960.1,31654.5,7918.35,54678.6,7445.09,18352.1
A0A5F5PWY1,140.19,95.5165,140.463,,71.6288,55.9302,106.457,106.095,111.705,59.2107,92.5067,57.6354,77.7112,108.427,104.296,47.5544,92.2053,158.553,,84.8784,2969.63,108.362,133.905,67.3941,146.415,686.185
A0A5F5PXB8,9.03201,26.3785,6.92288,18.152,7.86192,16.1667,7.56993,8.41835,19.8823,16.3276,14.4319,26.2451,14.4051,15.5898,9.71781,17.546,12.8059,12.4746,9.68924,16.6076,11.0358,3.87676,7.27425,15.0089,13.9541,17.2983
A0A5F5PYS7,14022.5,71247.9,27158.9,63092,36149.4,8968.09,141899,9032.21,23237.6,13640,19923.1,167719,9428.31,61499.7,10874.1,7846.29,3827.94,7645.3,23660.4,2508.27,15676.6,5783.23,2951.87,7864.55,64017.9,14111.1
A0A5F5PZ33,211.418,116.614,212.616,61.079,50.4904,415.055,69.9235,178.781,129.907,120.372,106.268,92.7876,92.2238,163.274,111.236,171.867,84.1765,190.825,107.9,150.832,61.7885,53.1244,198.41,166.364,187.499,155.73
A0A5F5PZW1,,6.66604,,,64.8186,5.02197,,,,,,,29.8943,,,28.153,29.2198,,29.2305,5.8016,2.42579,,31.0612,36.4323,5.80789,72.7108
A0A5F5PZX4,20.3564,83.3033,35.9661,14.8391,104.675,30.0411,60.6462,17.585,,8.28713,180.998,566.482,35.2785,240.735,27.7797,14.7804,26.9291,28.7338,32.1971,53.1708,49.5913,92.2312,39.12,54.0022,139.427,38.197
A0A5F5Q0V8,47.5194,62.8176,312.968,49.4621,97.2652,46.5225,84.7958,49.271,102.94,63.2365,71.5067,75.1105,36.0358,90.495,67.4745,33.752,34.6479,84.6995,42.1126,51.6423,25.0059,19.518,33.5053,45.1909,54.8039,58.1614
A0A5F5Q1G3,26.1704,22.0976,397.121,11.5784,19.1043,23.1043,16.9138,26.624,7.76477,18.6737,,70.607,24.8262,30.2557,18.8043,25.2796,21.6814,30.6285,51.6885,21.7998,29.4806,23.9623,23.4004,24.8942,26.1082,29.3981
A0A5F5Q281,68.1779,14.2543,,13.4928,,36.9714,22.5778,24.0863,5.99263,10.0536,8.86498,7.14869,13.8875,27.9465,23.5536,10.0612,57.2545,40.5871,10.9146,17.1831,31.1625,16.9239,10.222,13.6389,26.7464,
A0A5F5Q2W2,16.1538,29.05,26.9596,32.9071,21.4494,8.86112,63.6364,14.8987,28.1437,31.3985,60.1799,87.0555,4.51408,57.9315,10.5934,6.85071,7.72072,22.62,36.1874,10.233,18.7005,14.0964,7.91752,8.44907,94.5636,26.8035
A0A5F5Q4D2,265.987,197.893,315.743,66.957,158.114,131.975,272.591,211.436,239.536,223.614,114.393,141.537,166.048,112.13,180.981,158.223,163.971,232.325,149.916,170.083,136.883,129.985,174.675,159.328,131.464,221.891
F6PH38,17990.2,7461.35,11817.4,5007.74,7369.82,7689.84,8250.31,17605.6,6157.92,7340.48,5000.77,3382.51,13191.2,11686.2,7749.38,15126.8,14061.3,16543.6,4310.92,14740.8,7944.71,8941.17,25107.5,14129.3,8862.31,7808.84
F6PI70,127.028,72.4491,104.472,56.0896,121.389,80.8391,80.3937,42.6203,89.3478,25.1754,97.2931,68.993,65.1527,71.0109,,70.871,16.9413,97.6183,48.1347,58.6874,29.2766,7.58824,81.8956,95.476,288.023,92.2429
F6PJ16,13.0609,2.08865,,21.0341,14.3495,,,8.45389,45.4566,,12.1547,7.11395,11.4149,18.1895,10.3304,8.23,12.4449,13.6914,12.4719,11.1583,18.2233,8.40074,4.42476,10.7588,7.15272,29.9122
F6PJC0,30.8543,53.2778,53.5208,22.6497,38.0221,11.2315,119.154,102.444,26.8622,24.3981,33.2803,28.6911,18.8749,82.9222,36.9522,12.8752,25.8517,54.0146,20.5776,20.7202,29.3766,65.7652,33.3776,42.7928,70.0054,39.1705
F6PN89,1711.38,1715.54,2990.15,1384.11,2053.63,684.948,3408.05,2332.95,1538.02,887.906,1016.93,3400.17,566.866,2141.97,2017.69,958.235,637.804,1676.76,1521.04,855.127,1768.61,1244.61,587.315,953.893,1746.08,1438.5
F6PPF8,163.854,,,6.40737,18.1022,,15.1378,,67.1281,,6.61636,,14.3723,,,7.27438,,113.019,,11.927,,15.4375,,18.1302,,
F6PPQ0,19.6403,,,17.2112,75.9818,13.5178,,86.6658,218.833,15.6422,211.801,61.8271,7.96273,,12.8924,23.8317,,28.0302,,8.99544,166.122,8.74546,4.76429,1.02458,44.1512,
F6PQ46,744.79,1267.89,1491,1041.19,706.106,762.548,800.015,750.103,433.2,1021.42,814.05,884.364,604.995,1154.01,764.032,674.289,727.096,965.504,795.543,956.438,597.017,461.518,394.954,767.121,854.63,485.994
F6PUW3,1103.05,1100.21,856.726,1723.74,2114.65,952.913,3529.14,1022.18,553.306,2225.09,,1596.49,759.438,2349.42,2583.67,907.743,893.522,1075.24,247.899,1081.04,1097.37,464.695,979.901,1053.6,2116.92,1333.84
F6PVG3,967.365,641.393,853.648,165.761,694.994,413.277,1140.06,738.443,824.96,229.35,1104.29,755.465,515.386,893.824,1296.29,494.483,477.66,441.208,879.042,167.57,947.961,592.484,558.658,521.639,1026.86,1309.6
F6Q1M4,154.366,1483.97,713.318,450.21,899.578,243.049,2337.12,335.605,520.688,90.2635,305.502,1960.22,114.94,565.118,427.238,39.7996,16.9474,207.269,140.309,30.3301,145.464,31.3444,35.2444,175.511,460.244,396.507
F6Q666,229.558,163.347,230.532,13.5118,246.603,290.679,390.099,320.3,182.674,167.286,,5.26915,232.331,70.6322,453.569,92.5207,36.1272,345.23,,195.678,249.274,131.378,90.6538,234.894,349.215,77.7022
F6Q8R0,195.341,120.199,252.783,395.802,253.189,72.9386,802.84,111.087,,270.494,202.681,518.188,130.112,210.464,223.55,112.892,35.9474,245.774,,136.285,65.5985,246.961,110.108,89.826,200.502,424.079
F6QFD9,18.5787,27.5355,23.0422,30.2578,15.8795,14.9315,37.6343,24.6565,,32.3895,15.9675,19.0112,23.0965,31.5453,14.8599,17.2767,11.4111,18.8014,8.5619,13.9144,33.6044,12.4157,16.6935,19.1835,12.9467,24.0299
F6QP45,33.4954,131.352,37.6535,26.5258,144.595,36.4491,100.711,15.2164,109.015,150.81,172.889,,64.5103,45.9922,69.4102,62.7001,41.0931,80.4199,42.8675,16.3679,208.001,47.3733,22.0578,13.4002,201.336,51.8255
F6QX36,387.44,722.687,461.21,525.631,202.619,836.09,412.241,432.936,267.379,584.902,321.015,300.171,610.107,502.299,456.495,482.952,534.28,578.897,366.839,609.711,403.973,262.027,301.612,537.17,403.147,251.753
F6QYS3,12.3636,,16.599,7.75212,,18.2664,,,0.764475,19.7841,3.13341,,22.439,12.4171,33.8153,19.3783,30.0839,11.7436,25.7578,12.2403,3.5553,16.0374,12.2662,17.1155,11.2433,
F6RA08,11.0754,3.34229,49.3594,25.0529,4.92594,8.7677,,17.289,33.8765,20.2962,4.51349,32.757,,12.1991,3.51883,1.85028,,15.9778,33.5616,2.77744,1.86266,,2.48416,6.16328,14.4446,9.9388
F6REX3,251.821,1810.78,354.575,304.214,201.132,341.914,341.269,140.912,355.66,333.711,428.899,374.134,102.31,1405.29,98.5379,1009.39,45.5309,389.819,326.127,1169.42,305.794,331.372,105.928,1424.24,69.5242,2244.54
F6RGT4,4.33257,3.80076,7.26916,3.30685,,0.993355,3.41079,3.77499,1.31732,,4.63568,,1.78772,,7.39619,3.3796,2.08422,3.48788,0.615917,1.7174,0.439611,0.806933,3.00708,4.75493,,6.12402
F6RLI1,262.635,122.179,172.046,117.759,75.0419,107.857,140.378,238.164,222.973,206.868,77.6714,14.176,189.416,71.038,144.855,201.63,194.175,207.428,181.634,227.252,294.793,138.764,229.308,187.264,158.558,243.335
F6RM73,765.898,1812.58,3137.27,4442.66,1734.95,462.803,821.999,1592.69,4523.94,3922.98,2671,2338.94,321.775,1939.36,743.228,374.807,273.28,1635.54,4241.72,528.659,2717.71,1308.9,1063.88,1057.59,1179.85,1900.54
F6RMK1,,,,,,,,,,,2439.82,,,,,,,,,,268.836,,,,,
F6RTI8,79.3239,15.7527,23.8555,26.7314,8.3325,47.8984,39.5515,54.4097,27.6923,2.24168,51.9375,7.08386,31.8691,75.3591,38.1724,23.8471,81.7413,69.4087,37.5782,35.5663,291.33,19.691,23.6112,42.5636,41.6453,22.3425
F6RVW8,49.8216,9.70848,83.7405,11.6273,,,,4.34442,,,12.556,5.072,3.36213,1.94938,5.9647,9.35906,5.64763,14.7369,6.65803,6.9634,17.6861,9.4128,10.8612,11.6341,43.9655,
F6SHJ8,1191.24,2519.6,2728.43,3664.68,3453.02,1310.96,8632.64,497.669,2519.09,1161.11,2327.5,33225.9,760.655,7607.4,1084.05,1929.34,581.73,622.171,2667.06,413.171,1781.66,813.396,406.191,449.793,44742.5,1821.56
F6SP74,1086.41,4275.09,3680.88,1832.42,1206.36,1894.95,2940.5,5360.23,2640.36,2679.03,2354.01,3193.53,813.563,6137.61,1933.27,1048.98,737.888,2236.27,1147.43,2351.7,2010.59,3965.53,1543.04,3490.11,2825.76,1400.31
F6TCI4,32.5121,56.3853,74.4786,33.978,68.8844,32.5585,81.9702,24.3843,,30.9763,,123.142,,80.0992,41.1881,15.1672,17.381,35.197,,16.5421,,22.7862,7.02084,,116.052,
F6TCR6,,,20.8811,,,4.66482,,10.8943,,8.96837,,,,14.6317,,,,,,,,5.50295,1.69224,,17.9556,3.95395
F6TMF6,29.1509,22.2118,,33.1157,16.2947,9.22492,41.8602,22.6932,,11.6256,38.5106,12.1485,10.8657,36.5318,32.6213,14.4406,5.59267,23.2991,24.4532,15.9424,17.8332,32.8117,14.1338,21.5361,37.6333,12.3946
F6U187,8.67956,17.8417,26.2435,14.5326,20.5165,4.72666,37.2827,8.80943,17.9294,68.3445,78.8495,25.4492,3.0909,19.7431,15.7537,8.30948,14.0049,15.1941,48.7165,16.6111,12.6837,19.3932,2.68117,4.04818,5.91051,28.5704
F6UEG9,17.2121,10.6166,20.2312,17.2077,21.5486,4.77796,23.0728,7.65239,28.2499,5.01267,52.1452,8.0828,5.43861,25.4895,,4.19726,,11.3537,11.4544,10.2201,37.8151,13.7766,12.9494,15.3973,29.0927,22.5771
F6UL68,7.93497,,48.9398,5.16386,11.594,2.87524,,,,,,,1.39669,,8.32994,6.02952,3.09621,3.51832,,6.20044,7.1015,0.21977,3.06547,7.27797,3.02669,
F6ULM3,2327.45,4341.57,5009.9,3782.81,2774.78,1351.33,4761.07,2021.74,5180.91,4012.42,4524.21,4670.85,777.154,2675.91,1709.01,709.628,712.09,1538.95,3156.58,678.026,1716.89,727.184,580.774,838.405,1392.16,1796.27
F6V3C6,8.40725,,,99.5914,7.81976,,,11.1554,59.0932,,308.863,48.3511,3.78682,60.9144,,26.1828,72.0785,,,7.62523,151.012,80.1554,7.19226,85.0359,14.7912,217.448
F6V881,113.211,80.9545,164.25,174.964,151.842,20.1494,108.263,75.6591,164.271,214.202,201.562,170.17,23.1394,97.3936,87.0565,26.8896,29.7119,66.2809,116.7,25.9137,75.7206,99.316,44.9641,54.6597,71.5815,
F6VB94,204.369,99.8783,185.551,163.703,115.354,121.421,157.001,165.282,186.752,144.066,391.501,64.799,80.208,253.273,115.778,127.617,132.081,207.679,143.849,155.49,138.056,105.476,115.333,174.621,123.793,75.6025
F6VBP9,107.812,389.038,675.815,193.224,621.22,79.522,510.404,207.913,533.122,404.336,453.865,403.686,164.378,443.976,254.779,47.8912,111.86,219.955,500.312,94.5147,608.095,499.778,114.735,131.735,256.219,399.062
F6VEA3,793.387,222.132,413.091,335.72,526.223,564.099,514.494,497.295,119.35,256.075,367.834,16.9939,,272.459,1228.53,186.355,740.374,857.254,99.0348,168.15,416.915,1001.25,630.065,284.905,1504.65,1093.64
F6VJG5,76.8887,100.447,195.704,84.5775,176.737,58.3295,210.42,141.195,121.639,73.4684,146.501,247.173,17.4354,236.114,5.78469,36.3076,39.1873,125.241,84.6956,42.0898,12.7503,39.9868,27.4441,39.2677,67.7491,57.4397
F6VJR6,8.51489,18.9372,270.053,21.0089,18.598,7.2074,2.8279,4.73712,13.5456,26.2642,12.2704,18.2348,6.72925,14.0226,17.2562,6.19187,15.1576,10.0434,14.9139,8.20108,16.4334,4.29995,3.63011,10.9176,14.1788,5.14278
F6VJX8,132.634,193.894,198.119,163.797,304.794,216.708,539.614,373.795,214.089,124.902,232.528,194.158,288.529,260.752,404.569,95.8463,215.591,194.689,151.997,149.496,217.655,177.606,118.395,247.535,165.715,289.094
F6VKF1,29.2248,119.639,649.008,80.3775,96.4427,46.6106,76.8145,26.0759,53.0567,222.656,42.7022,,67.0706,222.128,101.663,71.5861,81.8241,82.4375,130.867,119.005,37.2,52.9316,17.8721,83.1715,69.5145,
F6VMD0,7.03363,34.6478,23.8482,41.206,27.8963,7.87651,99.255,7.25517,6.80299,41.0613,18.8706,540.48,6.34055,109.147,10.3918,28.5063,5.17206,7.24866,19.4083,1.46661,,36.9632,3.98056,4.87989,205.154,20.2092
F6VSN9,6.83204,12.3277,21.938,,31.1857,13.1856,,11.2999,,2.27874,,,,,,10.9014,3.4636,,,6.76827,,12.2233,4.30414,,7.57303,
F6VTD3,64.9739,26.7993,75.3438,32.0128,85.5135,45.1671,114.524,113.575,47.2244,46.0607,61.9172,18.0053,168.779,122.66,120.771,49.1774,73.9619,76.6943,72.8033,50.5941,29.7292,93.7524,29.2935,75.4999,133.854,35.5992
F6W2I4,13.6689,6.46808,16.868,19.5197,11.646,7.27722,41.0572,,,,,71.8759,6.48367,30.5778,,10.6465,2.25171,,,1.66572,7.57785,,,2.3961,62.6345,10.024
F6W2K5,69.0017,57.2165,57.3078,31.3796,4.57529,159.968,31.0429,59.0309,48.1786,26.1113,55.3309,48.0649,25.7841,78.683,36.1583,66.8072,17.1545,74.1788,20.7353,80.8107,67.4488,26.5313,173.345,105.372,74.4361,82.4839
F6W4R2,1.12193,3.32632,,8.76657,,5.40964,,,,10.6285,,,6.04213,2.83995,,2.93314,2.03814,,8.24922,5.87307,23.4465,5.12235,1.36342,2.27517,1.18203,
F6WDW3,7072.29,16873.3,11652.7,49462.7,15979.7,4002.33,47109.8,3321.81,13204.4,4916.79,8958.47,198265,3895.96,34176.1,4486.75,7938.35,2022.26,3752.72,12224.7,1513,8780.9,3412.07,2163.11,2166.02,144931,7865.98
F6WGX6,734.6,2679.03,1386.7,2490.53,2018.05,590.859,8102.67,581.544,923.009,550.813,1097.24,10321.7,550.662,5973.7,707.663,405.775,201.564,592.651,979.193,146.874,514.164,267.16,139.649,472.806,4285.78,775.939
F6WL01,,6.86468,,1.58659,,,,,,,,8.93353,,28.8353,18.4194,1.77566,,,,,,,2.17574,,28.2572,
F6WRS9,94.219,59.7224,,65.9309,35.2587,37.6657,344.893,36.788,155.943,116.369,226.059,64.282,,352.049,131.176,16.926,47.3868,223.649,79.8941,14.374,153.85,10.92,23.1695,16.0356,49.179,34.203
F6WX78,3.56435,,10.9951,,,4.02524,23.8075,1.91179,,1.06032,0.256954,13.64,13.7126,2.41393,,,2.01725,22.1624,0.961623,1.29304,,,1.41573,14.2912,40.448,
F6WZA8,29.6612,51.1625,59.4809,25.5564,,31.1714,44.9515,38.2247,29.9592,46.7586,69.0754,,22.0615,50.2437,29.7879,23.6103,28.2636,27.6538,,30.7399,28.2544,19.0378,18.6374,37.4257,31.3174,37.4744
F6X1I8,4.79938,6.30382,53.2238,,,10.0741,26.2841,,,9.14934,,,21.7744,21.9555,15.9433,9.27566,26.1974,7.68328,4.767,7.01455,2.33309,4.86973,6.8948,5.23143,8.21608,
F6X200,806.391,2076.82,1974.82,2302.57,1979.31,657.397,2449.5,1463.5,4397.16,2664.86,4612.35,4296.3,740.316,2422.04,1558.12,744.609,441.079,1100.6,2963.41,698.092,1952.59,928.175,476.848,844.607,191.235,3493.97
F6X485,71.705,48.1186,154.223,78.078,51.6565,32.3564,98.3487,45.5587,54.9683,59.098,66.9963,55.8699,36.4777,48.4518,59.0776,14.5526,14.6633,30.6504,30.2238,30.5404,,21.2149,25.9194,27.7125,67.1112,33.1527
F6X9C4,,162.523,,10.3308,15.8077,,,,,7.278,,28.3562,3.86094,,,8.14063,30.1882,139.328,,49.7897,,,19.3685,19.0473,,
F6XH19,6.94309,2.13177,12.1372,2.54006,,3.20506,5.96468,0.730033,,0.319566,,,2.42103,,0.577634,4.1652,2.36039,2.42943,7.20743,0.882948,1.20887,3.28081,2.28437,4.74954,4.39779,3.67633
F6XIH6,139.571,65.71,102.51,72.6182,125.241,49.3064,64.108,85.6572,191.242,109.566,116.386,50.525,58.3918,73.4594,184.962,52.9309,47.1392,118.448,177.836,66.6587,65.493,102.324,55.7921,75.3648,97.6576,113.765
F6XJD0,48.8456,,264.711,132.929,,24.0438,238.73,274.656,28.5722,232.137,31.2872,,12.8582,,24.551,158.258,8.22376,224.024,198.855,47.8846,274.813,134.653,53.0909,10.3592,50.8335,287.711
F6XM13,11.0835,,,,,,,4.3451,6.57959,1.44907,0.486184,8.82191,,16.7191,5.19641,4.38828,2.05523,9.37815,,3.55058,9.74623,15.69,4.53217,6.29111,,
F6XSF7,295.523,243.83,293.652,363.95,130.867,399.115,259.88,309.94,216.547,570.385,357.2,294.707,186.392,214.337,189.389,458.048,254.546,274.523,356.243,180.591,163.025,181.111,212.126,248.403,217.217,171.767
F6XWM5,115.45,491.813,1031.12,435.174,254.821,157.711,173.541,173.561,362.806,638.76,372.367,330.228,262.191,387.717,238.81,273.706,374.88,225.624,227.352,248.084,439.453,177.757,205.144,197.404,186.57,309.179
F6Y0C1,,,,1193.79,,50.3726,1985.78,,,,,,,920.858,,,,,2385.6,434.224,,,,,,193.557
F6Y5R3,,,7.43984,49.0147,,17.4536,,4.78483,,,,,20.1561,2.74518,4.75043,14.2345,15.8947,,11.3254,9.77561,,,8.21498,25.7868,,
F6YCN2,64.8103,,103.214,401.52,478.31,179.051,81.3007,44.136,,,11.7074,,,,77.3272,,32.6398,186.828,654.306,,,24.6343,15.4707,201.351,,11.2442
F6YF28,6962.11,4121.63,5031.33,2406.47,5403.63,3723.23,6902.31,4127.31,4068.22,2519.53,3369.08,2514.57,5466.88,4442.29,9284.65,3903.82,4180.81,5004.4,2287.75,2411.5,2094.13,3404.91,4462.06,3961.28,3453.97,6462.23
F6YG82,2.32344,,,,,3.91859,0.989107,,,,,6.26639,1.08213,,2.02721,,1.88561,,,,,2.85524,1.60748,2.13213,,3.58603
F6YR34,,,145.546,,,20.698,27.9866,161.687,184.8,115.134,320.591,,53.7404,138.382,,7.51583,8.49707,,385.966,48.0528,321.527,188.116,74.3009,101.488,21.8839,290.856
F6YWC0,2320.12,336.903,1241.65,928.311,1571.73,1247.98,1764.77,2898.05,1155.86,683.852,1902.52,779.785,937.418,1602.92,1743.73,763.38,1427.01,2428.84,659.07,992.887,765.554,2352.3,1251.34,1082.38,3055.91,350.193
F6YYB1,0.731232,2.33092,,,,,,,,,,11.8166,,5.41939,,1.54582,,,,,,,,,22.5982,
F6Z006,170.071,116.185,332.13,140.668,127.848,146.644,168.096,150.094,138.733,114.22,138.255,48.5888,101.292,,144.115,76.5701,87.6186,134.895,106.637,91.2459,,60.6824,81.4342,53.8976,133.951,81.324
F6Z041,32.1197,49.2955,124.307,56.044,42.622,41.0395,28.6623,27.7817,15.7095,52.5425,20.8701,13.7646,60.7433,27.1261,37.516,26.7475,34.8467,63.539,18.6732,44.0849,12.3302,26.763,16.2086,36.6822,31.8145,18.0982
F6Z058,7684.59,7225.98,12167.2,12679,4003.93,4247.14,12388.1,5289.77,2858.02,6367.99,18709.8,1067.88,3714.26,9109.73,6337.68,5602.5,2987.35,6079.89,6292.89,4898.55,5143.78,4334.25,5307.18,4695.77,7880.39,5214.06
F6Z2L5,2734.48,11365,15479.7,16755.5,6388.25,3048.79,7801.85,6661.22,9801.18,21575.1,14244.4,20009.8,1644.05,10549.3,5309.81,2659.49,1493.43,9955.23,16461,4548.16,12002.7,10883.9,4341.9,4510.9,8177.56,6319.37
F6Z3X5,,,,,4.96757,3.89235,,,,,,,,,24.9302,2.40612,8.04187,,,,,,17.9368,1.48587,,4.95124
F6Z5L1,507.073,494.25,442.167,208.192,521.665,658.85,681.122,545.7,224.012,193.638,244.76,184.327,872.634,705.932,812.728,607.251,848.491,535.341,248.125,603.005,271.354,706.531,572.563,707.231,584.936,384.118
F6Z688,107.497,71.221,70.215,169.195,86.3474,98.4534,278.572,58.9848,754.879,87.9855,244.914,352.143,37.5379,217.224,61.4905,59.864,50.2222,142.794,79.7995,54.2503,,53.8259,46.4265,68.9176,350.929,97.7568
F6Z8V2,62.2812,115.757,,83.3668,,12.8864,125.243,94.5342,,60.7099,34.0073,21.6286,,238.91,179.664,275.739,34.4976,22.3095,13.6024,80.0126,76.8087,68.339,39.4192,43.4863,,107.923
F6ZBD7,1482.39,451.77,905.796,547.996,1067.03,2234.45,1238.3,4244.39,,,1591.56,1343.13,763.258,1185.99,1279.2,488.656,852.944,1558.26,1028.61,715.378,,625.198,1144.95,687.445,1823.64,1326.4
F6ZI35,630.876,1085.08,1191.12,490.581,409.959,740.096,556.482,491.703,410.821,694.469,485.799,572.75,678.305,801.287,903.957,809.715,1003.99,1048.45,1262.31,1160.23,546.834,742.646,603.377,1407.66,707.609,328.522
F6ZIA3,70.8353,170.789,186.102,134.458,46.6559,,,25.5442,65.4384,184.913,192.914,158.617,18.8245,76.3906,41.7358,30.2146,27.6133,59.2104,86.9383,20.9793,113.887,29.1876,14.0102,3.3176,,69.4043
F6ZLR1,41.8654,29.048,54.7979,33.8526,16.9317,23.4816,,32.928,41.6621,49.3992,26.8889,40.0257,35.4805,26.6824,24.5189,38.1749,27.5569,37.7705,27.2721,40.4963,,10.4698,32.4088,36.9349,31.624,38.9144
F6ZQ77,133.336,558.975,197.573,205.402,245.883,659.029,1088.83,409.989,166.185,376.954,308.315,98.275,621.513,678.507,874.277,450.136,389.873,332.998,54.6784,696.097,124.34,1040.16,420.663,877.075,370.382,123.883
F6ZRH8,22.419,46.8528,21.019,29.2468,13.5771,44.5386,33.596,30.1538,,40.7686,11.3559,20.3962,32.6064,53.5123,71.8866,46.1025,51.2314,33.9739,296.666,132.292,20.097,74.7041,13.3217,99.6931,17.825,6.26359
F6ZSB4,11.2137,34.4421,,,,5.56448,0.341717,10.3619,,,,61.9041,5.1843,34.0364,26.266,29.1662,,65.9196,,,,9.19407,21.6263,38.5954,,
F6ZSZ5,1133.69,546.012,983.624,454.485,930.452,711.652,1664.13,1212.78,355.073,573.082,668.207,707.876,1033.3,1225.08,841.751,738.626,774.194,1391.88,353.065,904.155,389.772,683.391,935.278,1232.87,1337.4,307.259
F7A1W7,59.1064,42.503,106.315,233.569,94.219,10.7071,97.9409,191.886,143.707,70.6283,153.337,44.9296,16.6699,144.166,20.5026,26.9383,42.1869,138.601,140.376,38.1732,139.33,34.9215,108.043,81.7192,85.2131,101.485
F7A370,39.7021,9.20763,85.917,65.4229,88.9976,,14.5945,13.7714,,,200.072,13.7906,,,78.9489,16.3345,1.86589,36.2848,,17.5035,,29.8681,1.98449,1.79618,,16.6684
F7A692,1110.19,1277.32,1237.45,1733.14,1129.7,1483.72,1189.96,928.999,1348.64,1884.5,2013.14,1652.32,1357.84,939.217,1270.84,672.669,1326.74,1158.99,1209.7,906.893,1129.82,1458.94,953.536,1129.29,928.505,813.438
F7AE68,80.3667,92.8584,210.11,102.4,122.643,67.3865,210.275,160.562,333.946,178.007,601.522,151.541,106.703,229.161,90.0678,91.9079,69.8439,106.726,193.969,85.2509,210.592,107.791,93.2078,61.9379,113.73,98.012
F7AFC8,134.603,,336.127,,322.265,16.332,132.607,50.8196,105.504,148.269,,94.244,23.927,,,22.4019,,216.031,154.934,49.5225,19.7206,153.28,2.53422,23.406,54.2475,82.0784
F7AGT7,1345.75,1654.23,1152.55,672.272,1811.61,860.228,2243.6,1611.11,2276.59,795.153,1559.91,872.655,1457.01,1010.7,1768.28,493.553,1053.54,1365.8,765.454,498.569,1453.35,1655.43,1086.29,1229.9,605.172,2174.46
F7AGY4,155.289,385.899,185.691,544.004,472.614,117.36,1527.89,48.329,218.974,90.7665,149.884,944.633,104.348,897.025,52.6231,103.962,51.8947,84.1548,192.411,15.8594,235.614,57.7815,59.1087,68.9124,2131.87,73.9123
F7ANR3,19.5699,22.5087,22.9501,45.7845,13.2973,14.8903,43.8691,21.7148,426.342,30.8193,22.1728,33.4786,31.4435,26.4771,30.4849,10.6586,47.4163,26.836,7.52876,10.7169,,116.167,13.51,13.0609,144.729,15.4335
F7APU2,31.603,22.4342,14.875,19.5012,34.7066,22.9051,33.8147,20.5885,,30.4273,,103.548,36.3443,35.6465,29.2761,19.7428,37.0385,28.2234,9.05379,19.4956,39.4648,41.549,15.7007,22.8071,20.5415,
F7ASK6,13.6776,13.5001,154.315,27.995,,22.6505,59.3609,93.1526,34.3847,49.3551,,60.2671,22.6794,,58.7099,26.2058,20.0887,62.0364,,40.0291,21.9881,76.526,33.1621,28.2716,95.2497,28.4906
F7AWQ9,,,,,,3.76237,,,,,,,2.82664,,,1.61426,3.13715,,,,,,1.99401,,,
F7B435,11.8606,19.1628,28.2014,56.1539,36.5041,8.04535,16.6758,22.3902,21.5608,11.9234,,49.5248,4.5952,31.7774,13.2382,9.93497,7.2607,8.6934,18.8345,9.80743,4.7701,5.90062,5.90292,9.1962,142.445,13.6891
F7BFJ1,43.48,119.162,76.4194,99.4823,47.8957,91.3462,37.2792,60.2436,101.008,118.606,124.099,95.9425,85.1597,138.747,88.0857,65.9253,70.2534,92.1883,63.943,97.4041,104.65,53.336,53.2027,102.938,47.2915,90.8562
F7BH02,430.619,1594.55,1820.61,1765.08,1585.02,498.939,2688.71,1461.61,3167.94,1990.84,4070.36,4056.89,501.376,3089.79,1240.8,417.253,456.043,1170.95,3190.96,588.446,1756.27,843.349,299.27,561.607,815.942,1631.39
F7BKE1,4528.06,2764.06,2390.02,1871.9,3240.22,762.347,1185.59,789.147,1266.73,3532.65,5755.57,4271.81,131.092,4659.1,859.81,648.675,426.06,1704.45,3816.68,956.884,5045.64,1057.62,571.879,1069.35,934.355,2295.68
F7BM31,23.6529,28.2954,38.0241,35.0015,15.572,22.2267,24.8919,24.8645,21.1458,52.6002,,19.7441,20.7901,47.0552,14.3025,27.3509,22.0798,25.373,25.0728,34.3646,37.8032,14.6232,25.3999,34.8419,24.0385,16.1943
F7BPT4,8.56596,2.14277,,,,6.26971,,5.18851,,,,,,,,,3.76952,,,5.08969,,,,1.50282,9.63391,1.33972
F7BQD6,14.91,28.1332,31.356,15.3492,11.8845,26.7367,30.8031,24.9381,6.21258,30.8442,17.7587,,25.4373,26.7105,12.9941,32.4408,29.6616,21.9722,19.5437,25.3929,12.7417,13.8882,25.7712,25.7775,16.9688,70.2717
F7BRA4,96.9223,127.731,167.35,80.0154,119.233,114.053,302.778,84.3139,108.942,92.9816,53.0894,216.526,133.425,177.714,98.2087,49.4659,40.0859,109.213,40.1471,34.6068,19.8014,38.956,32.5266,75.9253,267.557,34.6583
F7BTK9,110.033,130.646,64.1789,284.114,45.0351,65.8312,402.242,56.1187,152.776,32.9202,201.916,554.139,66.6517,147.89,110.779,51.9702,107.408,132.908,151.518,30.2458,40.3334,19.2282,102.144,83.4558,192.964,71.893
F7BTW7,222.075,333.882,221.184,219.769,152.029,240.99,270.817,187.664,139.875,424.139,179.994,150.68,375.858,282.349,289.944,279.931,268.663,219.637,219.209,195.742,157.456,193.375,264.574,266.114,132.884,159.488
F7BUV8,967.662,498.709,770.294,372.945,233.723,572.42,1211.82,1263.97,614.072,664.16,432.683,316.06,455.082,774.807,675.539,586.368,750.487,732.919,734.523,962.265,290.854,474.737,549.313,842.489,550.17,924.104
F7C0D2,20.5218,7.40548,28.4179,14.2702,14.7908,2.69459,,,14.9614,,11.9055,,5.57424,,,3.47792,,,15.1788,,4.96749,3.16521,13.4809,,,
F7C1Y3,98.3537,111.248,123.264,151.766,89.4791,42.1815,205.255,96.2691,212.972,126.083,348.298,277.843,66.4078,120.051,98.5718,14.4928,31.6146,123.944,216.794,31.6994,159.964,86.7583,15.374,34.0939,123.226,153.235
F7C3F9,43.8249,76.6885,248.535,132.467,90.7134,99.4197,41.8669,51.5416,130.22,33.9457,92.3164,54.5622,69.4581,21.4581,75.1715,46.9073,81.0475,81.0838,313.989,95.0788,136.403,160.126,46.5834,105.612,134.194,106.773
F7C6S0,25.9187,22.5327,34.0543,27.8836,27.748,29.9532,46.9572,23.9535,43.5196,21.9115,19.5947,15.0655,56.819,41.8104,23.4826,32.8592,35.754,22.0362,39.5473,39.5279,53.9684,35.0017,24.2927,52.4551,34.8535,46.3152
F7C7J6,131.207,209.95,239.785,99.5084,456.568,359.029,236.956,148.583,97.1644,164.719,215.958,3100.6,89.9823,300.714,163.298,468.171,367.932,501.467,226.526,433.787,274.844,170.655,106.268,288.506,365.971,387.61
F7C7X4,,,,,2.96649,0.493445,,5.25983,,,,,,,,,,,3.1631,4.36166,,5.0516,4.18741,3.74296,,
F7CAC5,4.03872,,47.1715,28.5694,12.873,99.0023,12.0984,42.9513,16.2479,28.18,20.1712,,30.5634,,39.7551,,38.5582,29.7484,8.5211,,41.3132,74.3351,66.6745,,77.037,
F7CGV8,87.781,126.796,225.169,62.1859,64.7225,27.4426,197.314,182.246,121.987,100.274,75.4188,126.372,26.7255,310.979,70.0758,25.9062,38.2027,128.89,163.136,55.9058,148.984,166.806,75.1428,126.661,157.644,129.418
F7CHU9,29.6424,15.7493,18.9412,33.5386,15.3233,14.6318,32.011,32.7938,11.1828,97.0947,11.8503,,15.4861,18.6021,11.1215,14.9102,25.6603,12.0444,10.7404,22.1821,15.0361,8.40219,10.338,27.1855,18.7446,14.3618
F7CI62,14.031,35.7806,22.5751,30.0789,68.6004,12.1586,13.5899,17.6843,30.3541,24.6867,65.7683,12.5077,11.1006,93.3525,11.0975,89.794,27.8881,19.5673,39.3096,51.4008,86.6074,34.5061,6.67494,57.4275,27.2254,87.6172
F7CKI7,,,,,,5.92592,,8.74699,,,,,10.4137,,,12.4133,14.54,9.38563,,7.3304,,58.6486,4.77545,7.94687,,
F7CP79,,,,,,,,,,,,,17.5988,,,15.1774,15.9857,,,30.2642,,,30.2586,23.33,,
F7CYR1,192.601,338.145,470.498,225.753,106.766,282.976,176.829,117.679,189.8,233.629,115,180.265,169.835,225.505,172.599,215.09,169.713,182.393,105.762,222.976,129.527,72.5993,150.323,158.316,92.0795,98.4652
F7CZW9,292.368,368.925,446.578,449.877,161.968,411.661,199.888,348.25,331.496,645.011,399.501,353.279,322.356,199.415,233.41,337.744,318.054,367.512,458.377,277.663,435.561,130.324,261.412,304.195,272.759,167.844
F7DAF6,266.615,395.971,276.962,227.862,115.068,372.005,180.031,242.327,132.085,282.651,188.541,175.871,293.237,260.473,236.638,287.585,312.894,278.898,211.001,312.775,238.591,130.564,202.36,301.788,195.271,204.563
F7DBG6,8.81318,,2.05733,15.3454,,68.8439,,2.87828,,13.2542,,,,,,2.44143,,3.43202,6.97885,2.44057,,,5.86759,,,
F7DF55,1000.98,1335.86,1515.87,1932.48,473.64,769.954,4804.25,503.433,1415.22,543.136,1034.15,5745.17,559.375,1962.65,556.741,1190.35,383.765,626.316,1548.54,389.629,574.208,502.108,516.233,487.022,17092.5,688.645
F7DPF3,51.0894,80.7999,46.0226,66.1824,92.5321,40.3866,67.6793,68.1684,103.993,89.1746,54.5077,26.1467,16.9629,71.9048,36.6609,55.4805,75.4789,65.1811,72.9967,79.6925,128.893,40.7838,94.5126,81.5435,36.6817,127.316
F7DRS2,,,2.13196,,,,,,,,,,,,,,,,,1.474,,,,,,
F7DTV1,220.364,182.151,215.646,152.968,126.292,144.245,243.262,154.171,185.8,205.385,159.071,90.731,196.947,216.214,142.21,125.456,146.053,135.235,163.69,162.241,187.636,138.728,174.812,181.039,104.742,222.251
F7DU87,64.0031,28.6063,176.101,73.0688,108.573,50.368,59.584,121.474,73.7244,48.2021,103.871,62.5033,28.3448,38.9241,50.1893,30.5906,20.8854,93.8322,85.8506,20.0799,167.454,115.393,61.04,29.3633,107.077,72.734
F7DZ01,386.872,133.003,256.242,167.205,195.322,177.708,217.883,357.49,280.586,246.488,201.958,144.905,173.909,212.973,145.825,233.041,216.12,229.187,205.376,365.293,160.161,144.446,210.645,233.443,143.154,412.709
F7DZE7,98.2334,145.782,154.331,25.753,118.512,143.803,220.751,134.671,44.465,49.2402,26.4277,44.5301,446.441,268.919,268.901,252.937,227.172,158.905,61.0324,207.685,144.46,140.057,228.192,332.44,100.011,331.359
F7E0P3,46.6305,7.30464,7.82726,,,,24.1925,15.5748,126.052,12.7113,85.3154,12.7298,,,17.9981,11.6966,8.7913,53.1512,13.8509,24.4653,61.2475,40.3957,,38.3326,,22.6033
F7E0Z9,,,,,,3.4353,,2.83991,,3.5914,5.30591,,9.71983,0.582753,7.52881,4.57572,6.47066,5.11987,,2.3255,,8.2804,4.36904,8.70359,11.5801,
F7E1Q5,,8.30302,58.7262,,58.1708,17.9678,,,65.4181,,88.3945,,10.3839,,,29.2628,12.3939,19.8614,,,,5.56104,14.5957,,49.7915,
H9GZT5,1286.95,3103.88,2696.19,2548.35,2142.82,6552.4,3952.22,1281.72,2093.97,3385.75,2880.72,2657.64,4612.13,3701.33,5394.86,3158.8,3569.25,1921.81,1352.67,3250.13,2030.38,2743.46,1717.72,3027.5,1596.13,1835.99
H9GZV0,1.31508,5.57206,3.16414,,,,,2.15658,,,2.03679,,2.93399,3.14331,7.44212,4.54964,3.30323,3.12918,1.787,5.99341,,2.36463,5.95567,8.04872,4.82232,4.226
H9GZV1,36.8872,113.034,55.0736,147.222,72.482,410.539,119.256,73.4766,197.49,328.447,229.767,140.943,127.068,121.47,136.55,140.438,121.888,68.2366,191.937,103.71,51.5408,49.8771,142.78,131.785,91.7871,33.7834
O77811,7.747,50.189,15.4033,29.5027,18.0081,51.378,25.4793,17.611,,21.2354,28.5279,8.81645,38.0769,52.704,39.7553,31.2853,24.0255,29.3854,,51.0944,14.7381,21.5387,20.313,40.7524,24.6255,8.64982
O97508,,,,,,4.22908,8.225,,,,,,,,,,,,,,,,,,26.3711,
P01220,165.529,215.612,257.374,157.528,230.804,231.113,409.894,161.629,337.106,267.05,460.549,74.7314,167.913,279.906,370.222,123.804,167.773,172.608,255.112,204.049,88.318,148.771,178.03,266.898,202.069,172.497
P02062,225.774,458.38,1001.25,1094.59,354.77,200.897,385.498,333.907,345.404,1634.4,475.218,775.917,180.046,349.379,230.247,127.643,91.957,378.314,719.816,154.572,186.168,116.11,275.413,181.276,303.115,164.146
P0DN28,184.161,64.6346,226.341,168.364,287.634,34.0797,88.2603,547.694,212.8,50.2289,183.64,243.979,15.0668,315.602,72.794,42.9393,26.759,427.83,241.287,79.9559,98.1851,172.181,150.978,125.67,321.367,58.0881
P14452,295.5,102.542,140.39,139.406,171.151,116.852,93.2623,184.036,107.269,191.517,58.0112,76.0577,200.646,160.618,63.2038,227.458,244.972,226.676,156.291,210.225,254.001,170.19,400.666,224.579,168.741,138.041
P27425,184.818,764.075,447.973,261.436,230.406,745.396,317.657,308.837,208.368,311.589,323.341,207.133,613.345,650.84,829.496,528.211,405.192,578.165,124.236,755.835,258.895,275.863,377.12,497.205,480.921,170.903
P35747,285.538,2439.15,2684.47,2948.3,1614.58,1901.2,1018.26,769.125,1103.01,3412.25,1778.57,1352.02,1481.84,2167.43,1720.86,1671.35,1803.51,1507.29,739.65,2213.4,1229.26,1456.58,587.448,1433.98,841.289,362.473
P38029,1255.35,953.228,5086.95,1712.51,1175.72,778.633,1564.21,1960.26,1560.51,2384.86,4089.16,3604.45,576.123,1475.48,820.964,535.958,1073.52,934.326,300.831,453.447,868.618,618.01,536.107,489.178,1242.49,691.668
P48770,49.1387,21.7822,119.468,24.6181,34.6624,14.6396,30.3745,28.2301,31.8652,20.8252,60.0728,34.9984,36.4775,36.4516,47.622,25.0517,39.0583,22.1925,36.7592,18.7215,27.5052,34.6705,37.6458,21.1399,46.3037,13.7314
P49066,546.688,1040.93,47893.6,818.831,1626.09,1823.02,4487.64,11498.1,1801.73,1065.24,2460.43,23063,636.808,4170.64,1089.5,4079.43,3078.72,433.13,1032.25,452.458,485.988,251.198,202.573,415.769,5085.43,418.555
P60708,114.842,243.187,335.702,267.417,2156.06,87.9304,199.908,149.292,245.786,155.646,234.352,253.22,50.6223,407.789,123.038,39.2828,35.9964,113.347,220.358,50.532,117.465,145.381,45.9297,72.8753,123.375,161.827
P80010,,1.77742,,,,0.16067,,,,,,,1.54192,,0.991733,2.62574,,1.82472,,2.44347,,,,,,
Q28372,31.9194,49.5317,70.8782,70.3612,38.7467,32.063,57.9783,27.3157,35.2738,66.4645,61.295,31.5019,33.674,46.0354,39.5476,30.5007,22.9141,35.809,48.7928,44.0228,30.9167,28.6427,27.0228,36.6351,36.3922,28.5912
Q28377,1055.94,1635.56,771.063,526.887,1206.67,2310.91,1168.93,1540.24,806.116,846.488,669.937,540.455,2315.92,1645.23,1835.12,2421.26,2405.29,1731.75,1501.84,2180,1286.8,2226.03,2940.98,3166.98,1963.5,1362
Q29482,179.892,161.399,307.842,153.103,390.06,79.4817,270.745,181.722,277.986,353.021,199.793,183.455,95.6634,226.669,100.018,90.9617,138.846,157.531,310.047,114.468,304.471,135.489,143.774,150.713,186.429,233.091
Q2V905,18.7068,17.5668,19.2522,11.4078,14.705,8.52918,,17.5227,15.0914,16.8259,12.1472,27.5891,11.9841,24.7309,12.7833,7.42007,9.71109,10.3059,32.1822,10.3846,17.5735,13.1918,12.9092,12.4119,21.3201,15.5936
Q2Z1P9,71.084,38.1847,136.983,164.997,,51.3715,272.714,82.6952,107.322,95.5525,86.6732,183.653,7.26952,70.5304,53.2846,14.0291,13.2177,55.1549,140.892,19.3726,66.576,32.8983,20.801,18.6939,76.1111,18.2548
Q6WEB5,50.7644,377.211,502.366,166.378,151.067,54.0049,142.348,25.0848,68.2405,152.057,95.5221,52.1479,33.7501,303.369,114.098,31.1038,35.722,70.2149,135.007,37.3587,178.561,50.1319,25.9675,18.3572,58.1782,123.787
Q8MKD1,11.8715,27.0222,23.1888,41.4837,37.984,12.8386,70.8164,15.4076,13.2861,9.12297,32.6538,50.5746,6.76841,67.8197,23.7189,5.133,3.83975,9.83038,47.9848,7.07572,,27.8244,1.28735,9.7129,54.7055,45.728
Q9GKX7,11.3697,45.0103,63.8925,44.2847,30.983,,18.8795,5.55945,22.2119,9.62276,2.36564,16.1737,11.1124,29.5969,27.8576,3.73918,3.93331,10.2476,19.5989,8.47419,8.30781,21.5727,5.07171,,,24.753
